Date,Open,High,Low,Close,Volume
2009-12-01,182,182.9,177,177.3,1112600
2009-12-02,177.1,177.5,174.2,174.7,921600
2009-12-03,174.4,175.4,172.4,173.6,773200
2009-12-07,172,173.8,170,170.1,752800
2009-12-08,170,171.2,168.6,169.4,555000
2009-12-09,171.9,173.9,169,170.7,718200
2009-12-10,170.6,172,167.8,169.2,924400
2009-12-14,172,178.2,172,176,1002600
2009-12-15,175.5,179,172.3,172.8,745000
2009-12-17,174,174,170.5,171.1,424400
2009-12-21,171.9,171.9,169.7,170.8,550000
2009-12-22,171,178,171,176.7,1074600
2009-12-23,178.3,181.4,177,180.2,1776600
2009-12-24,181,183.8,179.4,182.5,1584200
2009-12-29,190,194.9,188.2,188.6,1420400
2009-12-30,189.5,190,186.4,187.5,1442400
2010-01-04,190,198.9,190,197.9,2749600
2010-01-05,199,202,195.2,196.5,2061800
2010-01-06,196,197.8,195,196.4,1436200
2010-01-07,197,197,193.5,193.8,1259600
2010-01-11,193.9,197.4,192.8,196.8,1784800
2010-01-12,197.4,207,197.4,206,5308600
2010-01-13,206.5,209,197.6,201.2,2952200
2010-01-14,203,213.9,203,211.7,3507000
2010-01-18,212.5,219.9,209.2,219.5,3351800
2010-01-19,220,225.8,219.5,224.4,3606800
2010-01-20,226.9,227.9,222.5,226.9,2603800
2010-01-21,227.7,244.9,227.5,244.4,5070200
2010-01-25,255,288,251,278.4,4675000
2010-01-26,275,275,238.5,255,4564600
2010-01-27,259.9,264,250,259,2219400
2010-01-28,262,275,259,272.1,2761600
2010-02-01,265.2,280,265.2,279.4,3569600
2010-02-02,275.5,290,270,286.8,2825600
2010-02-03,290,300,285.1,287.3,4040200
2010-02-04,285,296,282.5,290.9,3093600
2010-02-08,294.5,312,294.1,310.6,5377000
2010-02-09,303,324.9,297,319.6,5672800
2010-02-10,323,323,310,314,1622400
2010-02-11,312,316.1,300.1,312,1972400
2010-02-15,336,352.8,336,344.3,2624000
2010-02-16,345,365,342.2,360.4,1959800
2010-02-17,368,395,364.5,385.4,2973800
2010-02-18,380.1,380.1,350,361.2,2612400
2010-04-22,338,342,336,336.5,654600
2010-04-26,332.8,333.9,327.2,329.6,758600
2010-04-27,328.7,332,327.5,328.1,648800
2010-04-28,327,328.9,324,324.5,762000
2010-04-29,324,331.8,322.1,324.7,714600
2010-05-03,315,317,305.5,311.8,946400
2010-05-04,310.1,310.1,292,294,2039600
2010-05-05,295,303.6,292,295.4,1183600
2010-05-06,299.7,302,296.1,297.3,487200
2010-05-10,280,280,264.5,265.3,1564000
2010-05-11,265,289.9,265,287.2,1495400
2010-05-12,293.9,299,288,291,1212600
2010-05-13,295,295,284,284.6,592000
2010-05-17,278.3,285,276.5,278,699200
2010-05-18,284.5,285,278.5,281.5,632600
2010-05-19,285.9,289,280.1,280.8,690000
2010-05-20,281.1,284.5,279.8,280.7,617000
2010-05-24,298.9,303,287.1,290.7,927800
2010-05-25,292,292,282,284.3,703600
2010-05-26,289,289.8,279.5,282.2,563400
2010-05-31,278,279.3,275.3,276.4,422200
2010-06-01,276.6,284.5,275.6,281.1,489800
2010-06-02,284.9,285,278.2,278.8,353600
2010-06-03,278.1,281.8,278,278.6,290200
2010-06-07,277,278.7,270,272.7,445800
2010-06-08,275,276.7,272.8,273.6,384200
2010-06-09,274.5,276.9,270,270.4,390800
2010-06-10,270,270,264.6,268.3,737600
2010-06-14,263,264.8,252.1,258.4,821400
2010-06-15,262,262,252.8,253.6,709600
2010-06-16,255,255,244,253.3,898200
2010-06-17,254,263.8,250.1,261.5,711400
2010-06-21,268.5,268.8,258,259.2,423000
2010-06-22,260.7,264.9,256.3,257.7,414600
2010-06-23,256.5,260.7,252.9,253.4,474600
2010-06-24,255,256,249.5,252.5,470000
2010-06-28,250,251.7,245.2,247.1,724400
2010-06-29,250,250,245,245.8,646200
2010-06-30,245,245,233.5,235.7,594600
2010-07-05,221.5,238.5,221.5,236.6,539200
2010-07-06,239.9,244.4,238,242.5,517400
2010-07-07,241.3,244.8,238.1,242.4,392200
2010-07-08,242.2,244,238,239.6,285000
2010-07-12,235,237,231.1,232.4,208800
2010-07-13,234.3,240.9,232,237.3,316800
2010-07-14,240.9,244.9,236.7,238.3,428800
2010-07-15,240,242.5,236,241.5,471800
2010-07-19,258.5,264,254.5,257.3,858000
2010-07-20,258.8,258.8,249,250.8,399600
2010-07-21,251,253.8,245.1,246.6,437400
2010-07-22,245,250.9,243.3,246.4,427400
2010-07-26,245.8,254.8,245.8,250.9,470800
2010-07-27,254,260,253.1,254,534200
2010-07-29,255.7,260,255.3,258.4,522400
2010-08-02,272.9,277.2,270,273.3,1122400
2010-08-03,275,278,271.6,273.2,994200
2010-08-04,274.9,274.9,261.6,263.1,932400
2010-08-05,262.1,263.7,257,258.6,524200
2010-08-09,255.1,258,252,253.2,428000
2010-08-10,253.1,260,253,258.6,377200
2010-08-11,258,262,257,257.4,298000
2010-08-12,254,260,254,258.7,258800
2010-08-16,255.1,263,255,259.4,442400
2010-08-17,263,266.8,263,264.7,474800
2010-08-18,266.5,275,265.3,270.2,1071200
2010-08-19,274,274,265,265.6,506800
2010-08-23,266,266,261.5,262.5,465200
2010-08-24,263,265,259.1,260,444000
2010-08-25,256,262.8,255,258.7,319600
2010-08-26,260,262,257,257.8,258600
2010-08-30,259.3,259.8,254.5,255.1,348600
2010-08-31,255,257,253.5,255.5,350200
2010-09-02,258.9,262.5,255,259.6,359200
2010-09-06,260,260,254,255.6,342400
2010-09-08,256,257,251.9,252.5,362400
2010-09-13,251,253,248.5,250.7,230400
2010-09-14,252,256.9,251.1,253.3,270200
2010-09-15,254,254.9,249.6,250.2,309800
2010-09-16,250.8,251.7,246,247.6,335200
2010-09-20,247.6,249,243.1,246.3,385000
2010-09-21,248,250.8,245.3,248,285600
2010-09-22,247.5,248.5,246.7,246.9,351400
2010-09-23,247.5,247.8,245.8,246.5,359400
2010-09-27,245,245.4,238.1,239.8,688400
2010-09-28,243.9,244,240.2,241.8,328800
2010-09-29,241,241.8,238,238.3,349800
2010-09-30,238,242.5,236.5,239.4,571400
2010-10-04,260,265,253.3,263.6,1338600
2010-10-05,265,269,256,258.7,821000
2010-10-06,259,263,257.1,259,637800
2010-10-07,260,262.5,253.6,255.6,578400
2010-10-11,250,258,245,257,369600
2010-10-12,260,265,257.2,262.8,1261600
2010-10-13,265,268,260.1,260.9,917400
2010-10-14,260.9,264.7,255.5,257.4,405600
2010-10-18,260,260.9,251.1,252.2,373800
2010-10-19,255,255,249.5,251.8,351000
2010-10-20,250.1,253.5,247,247.9,455000
2010-10-21,247.2,250,244.2,246.7,723600
2010-10-25,254,254,242,244.2,621600
2010-10-26,242,246,241,241.8,644000
2010-10-27,240,243,238,240,653600
2010-10-28,237,246.8,237,239.7,927400
2010-11-01,231.1,239,228.5,236.6,730000
2010-11-03,233,235,228.9,229.8,669200
2010-11-04,234,234,222.2,224,744600
2010-11-08,217,217,209.7,210.6,1961600
2010-11-09,211.5,223,211.5,222.3,1028200
2010-11-10,223.8,227.8,219.1,220.5,1275400
2010-11-11,225,236.8,222.2,233.1,1764800
2010-11-15,237,247,236,245.1,932600
2010-11-22,245,247.9,240,240.7,648400
2010-11-23,240,241.9,235,236.3,573000
2010-11-24,239.9,243.5,235,235.6,742600
2010-11-25,237.1,237.9,234.2,235.3,456400
2010-11-29,230,232.9,223.5,225.3,774000
2010-11-30,230,239,228,234.7,751200
2010-12-01,235,237.3,229.8,234.8,896600
2010-12-02,236,236,230.5,231.4,638000
2010-12-06,229.8,229.8,225,226,626200
2010-12-07,225.3,228.9,221.6,223,548600
2010-12-08,224,227,217.5,222.7,497400
2010-12-09,226,226,221,223.8,512800
2010-12-13,221.9,225,217.2,221.6,1006600
2010-12-14,223,223.5,218.3,219.8,620600
2010-12-15,220,222.5,218.1,218.6,537800
2010-12-20,249.8,249.8,240,249.8,37600
2010-12-21,270,289,265,284.3,7492600
2010-12-22,286,292,265.1,269.9,2794800
2010-12-23,270,271,260.2,263.8,2150800
2010-12-27,250,262.8,247,258.4,1644200
2010-12-28,264,264,250.6,251.9,1074400
2010-12-29,251.1,254,246.4,247.4,935600
2010-12-30,246.1,251.7,244.3,245.8,892400
2011-01-03,249.8,249.8,240.2,242.2,797000
2011-01-04,242,243,236,236.5,508200
2011-01-05,239,239,232.5,234.4,584200
2011-01-06,237,238,227,228,613600
2011-01-10,234.5,238,215,215.2,633000
2011-01-11,228,252.8,228,252.2,2511400
2011-01-12,255.5,259,237.1,239,1613600
2011-01-13,237.2,241,233.6,234.8,871200
2011-01-17,233.5,236,228.1,232.1,958800
2011-01-18,229.1,232.9,228.5,228.7,528000
2011-01-19,236.5,236.5,221.2,222.2,513400
2011-01-20,221,221,205,207.9,141600
2011-01-25,215,226,215,226,314800
2011-01-26,234,237,229.3,235.5,1459200
2011-01-27,238.9,238.9,226.2,227.1,1222600
2011-01-31,228.9,240,225.7,237.3,3091400
2011-02-01,239,242,227.6,229.5,1789200
2011-02-02,232,232,227.5,228.3,710400
2011-02-03,229,231,222.1,224.2,1382200
2011-02-07,218.5,225.1,206.1,209.7,1308200
2011-02-08,210,222,205,219.1,1193200
2011-02-09,224,224.7,209,210.8,844600
2011-02-10,211,212,204,206.3,967800
2011-02-14,188.3,188.3,172.6,172.6,1215600
2011-02-15,170,187.9,170,185.5,1372200
2011-02-22,197,197,175,177.3,1430000
2011-02-23,174.5,178.9,171.1,172.2,592400
2011-02-24,173.8,173.8,161,162.2,690200
2011-02-28,147,149,136.2,139.9,986600
2011-03-01,148,153.8,147.7,153.8,610800
2011-03-02,159.5,162.9,143.3,144.4,1174000
2011-03-03,148,154.1,142.1,152.1,720000
2011-03-07,160,169.9,158,167.2,1321000
2011-03-08,169,177.9,165,175.5,1224200
2011-03-09,175,184.8,173.3,182.7,1346400
2011-03-10,185,192,182,189.2,1462600
2011-03-14,176,185,174.2,184.2,1040000
2011-03-15,188,188,175.5,176.8,1054000
2011-03-16,180.9,181,175.3,178.1,867000
2011-03-21,180,181.7,174,174.8,800400
2011-03-22,172,175.8,170.7,171.7,619200
2011-03-23,173.9,175.8,168,169.5,529400
2011-03-24,168.1,170.4,163.2,163.8,615600
2011-03-28,164.5,169.5,163.3,168.3,359800
2011-03-29,171.4,172.8,165,165.5,502000
2011-03-30,167,168.6,164.5,166.8,430000
2011-03-31,169,174.9,166.7,173.9,1068800
2011-04-04,170,173,168,170.1,699000
2011-04-05,172.8,173.4,167.3,168.7,806600
2011-04-06,169.4,170,167.5,168.5,376600
2011-04-07,168.1,175.5,168,175.1,1444000
2011-04-11,171,171.5,165,166.4,628800
2011-04-12,165,169.4,162.6,168.8,729800
2011-04-13,170.9,172,168.5,170.4,1000200
2011-04-18,170.1,171,167,167.7,502000
2011-04-19,172,172,165.6,166,464400
2011-04-20,168.9,168.9,162.2,162.9,652200
2011-04-21,164,165.5,162.6,163.1,302400
2011-04-25,160,160.8,151.5,153.1,563800
2011-04-26,155,158.5,151.8,154,503600
2011-04-27,153.5,159.9,152.1,158.8,324000
2011-04-28,160,162.7,157,157.2,499800
2011-05-02,155.9,158.8,154,155.1,396200
2011-05-03,155,157,152.5,153,325400
2011-05-04,156.7,157,153,155.2,382000
2011-05-05,157.6,159,153.7,154.2,317600
2011-05-09,148.9,150.9,143.5,149.4,593400
2011-05-10,151.2,151.5,145.5,146.2,248400
2011-05-11,145.5,147.2,144.3,145.8,331800
2011-05-12,144.7,149.7,144,148.5,281800
2011-05-16,153,153.8,150.5,151.6,400800
2011-05-18,152.6,152.6,149,151.6,368000
2011-05-19,150.5,151.8,148,148.7,242000
2011-05-23,144.1,146.3,140.5,140.8,265600
2011-05-24,144,144.5,141,142.5,181800
2011-05-25,142.5,142.8,138,139.1,308200
2011-05-26,142.7,143.2,138.5,142.7,322000
2011-05-30,146,148,144.5,147.7,285200
2011-05-31,148.8,152.5,146.9,148.5,778400
2011-06-01,148.1,149.8,145.2,145.9,310400
2011-06-02,148.3,148.3,145.3,147.6,179400
2011-06-06,147.5,147.5,145.3,146.5,256800
2011-06-07,147.9,149.6,147,147.5,526800
2011-06-08,148,148.8,145.9,146.8,616000
2011-06-09,147.2,148.5,146.5,147.6,568400
2011-06-13,139.7,145,139,144.4,413200
2011-06-14,145,147,141,141.6,464000
2011-06-15,141.1,143,140.1,141.3,498800
2011-06-16,142.9,142.9,140,140.9,493200
2011-06-20,140,141.3,137.9,140.3,333400
2011-06-21,141,143.9,140.4,140.6,402000
2011-06-22,143,143,141.5,141.8,348000
2011-06-23,141.5,145.6,141.5,144.9,797800
2011-06-27,151,152.9,148.5,150.9,766200
2011-06-28,151.9,156,150.2,154.5,992600
2011-06-29,155,159,154.3,154.8,1088000
2011-06-30,156.8,165,154.2,163.9,2375200
2011-07-04,167.8,167.8,161.8,162.1,938800
2011-07-05,161.1,163.7,160.4,163.2,729600
2011-07-06,163.8,165.3,162.7,164,1085000
2011-07-07,165.1,169.3,165,167.9,1545000
2011-07-11,177,177.1,174,174.4,1179200
2011-07-12,175.3,175.5,172.8,174,1035800
2011-07-13,173,180.9,172.6,179.3,1772200
2011-07-14,183,184.5,179.4,180.1,1224000
2011-07-19,180,198.5,180,195,3880400
2011-07-20,196.7,202.9,194.3,198.9,2558400
2011-07-21,203,216.4,203,215.8,3546800
2011-07-25,214,214,205,205.6,2455800
2011-07-26,205.1,209.7,203.5,205.5,2334400
2011-07-27,206.9,208.1,203,206.1,2992600
2011-08-01,188.6,193.4,180.1,181.6,1417400
2011-08-02,183,185.5,175.5,176.7,1081200
2011-08-03,176.3,186,176.3,184.7,963800
2011-08-04,184.5,186.9,177,178.5,994200
2011-08-08,178.5,181.6,176.6,177.7,559200
2011-08-09,179.8,179.9,173.5,175.1,783600
2011-08-10,176.2,186.2,175.4,184.7,1680200
2011-08-11,186.9,189,184.2,185.8,1191600
2011-08-16,185,185,180.1,181.1,619000
2011-08-17,180.1,180.1,176.7,178,487400
2011-08-18,180,183,179.5,180.7,484600
2011-08-23,178,180.3,175,179,457200
2011-08-24,179.1,179.2,174.8,177,545600
2011-08-25,178.8,181,177.5,179.7,724200
2011-09-05,178.1,178.7,174.5,175.1,451800
2011-09-06,177.9,177.9,171.2,171.8,355400
2011-09-07,172.1,173.9,170.2,173.1,275600
2011-09-08,174.7,175,171.8,172.3,295000
2011-09-12,170,170,164.7,166.7,577200
2011-09-13,169.6,171.5,165.4,171,666200
2011-09-14,173,173,166.3,168.1,597400
2011-09-15,168.1,169.3,166.2,166.9,519200
2011-09-19,163.2,165.8,159.8,163.5,462400
2011-09-20,166.5,166.8,160,161.7,458400
2011-09-21,160.6,161.5,155.8,157,602800
2011-09-22,159.9,159.9,154.2,157.7,489400
2011-09-26,165.8,169.5,163.2,168.4,802400
2011-09-27,169,169.1,163.5,164.9,633000
2011-09-28,164.5,166.6,161.8,163,458400
2011-09-29,163.4,165.5,163,163.6,478400
2011-10-03,164.2,164.3,159.2,159.8,336600
2011-10-04,159,159,155.7,157.1,393400
2011-10-05,156.2,157,151.8,153.4,978800
2011-10-10,148,149.7,146.2,147.9,687400
2011-10-11,147,147,140,141.3,744800
2011-10-12,141,144.8,138.3,143.2,528400
2011-10-13,144.9,151.5,144.9,147.1,462200
2011-10-17,143,146.7,142.1,143.7,353800
2011-10-18,145.8,145.8,140.5,141.2,390000
2011-10-19,140.3,140.9,135.8,139.9,428400
2011-10-20,144,145.5,141.8,144.5,412200
2011-10-24,154.2,158,153.1,154.8,898800
2011-10-25,153.3,167.9,153.2,167,1732400
2011-10-26,165.2,165.9,160,160.8,1399400
2011-10-27,162.9,165,159.1,162.8,1068800
2011-10-31,154.1,163,153.6,159.3,1176600
2011-11-01,163,165,160.5,164.5,704000
2011-11-02,165.5,166.7,162.3,163,720400
2011-11-03,163.9,163.9,161,162.9,523600
2011-11-14,158.1,158.1,151,155.7,761400
2011-11-15,156,156.6,146.5,147.3,786200
2011-11-16,152.5,162,152.5,161.7,892400
2011-11-17,164.9,166.8,162.1,162.9,1066800
2011-11-21,167,167,163,164.3,1279800
2011-11-22,166.8,174,165.3,172.5,1767000
2011-11-23,175,178,162,163.7,1510000
2011-11-24,168.7,169,162.5,166.3,969000
2011-11-28,155.6,164.6,154.7,162.2,601600
2011-11-29,164.9,166,159.5,160,627400
2011-11-30,160,164.6,158,164.2,408200
2011-12-01,165,166.2,161,161.6,492400
2011-12-05,160.2,160.3,156.9,157.7,370000
2011-12-07,156.6,159.9,155.2,158.7,351800
2011-12-08,160.4,160.9,155.1,155.4,346200
2011-12-12,155.8,157.3,153.5,154.4,301000
2011-12-13,155,158.9,154.8,158.2,351400
2011-12-14,160.9,161.7,155,155.8,504600
2011-12-15,157.4,159.3,156.2,156.7,226600
2011-12-19,156,157.9,155.4,155.7,408400
2011-12-20,157,158.5,156,156.9,240600
2011-12-21,156.7,162.4,156.6,161.8,895800
2011-12-22,163.5,163.9,161.8,162.8,610400
2011-12-26,162,163.9,160.4,160.8,522800
2011-12-27,162,163.2,161.3,162.6,546400
2011-12-28,163.4,165,162,162.1,476800
2011-12-29,163.9,163.9,162.5,163.5,736200
2012-01-02,172.4,176,172,173.8,1421000
2012-01-03,174.9,176,173.5,174.1,1023600
2012-01-04,175,178.7,173.5,177.3,1572800
2012-01-05,178,178.5,175.9,176.7,1004200
2012-01-09,180.9,181.6,174.8,175.6,1539000
2012-01-10,176,178.4,171.6,172.5,1194800
2012-01-11,173.8,178,172,176.5,931800
2012-01-12,178.5,179,174.3,174.7,756400
2012-01-16,171.9,171.9,165.7,166.5,823000
2012-01-18,171.9,171.9,159,163.6,643600
2012-01-19,166.9,168.9,165,168.1,915400
2012-01-23,163.1,163.9,158.2,161,733000
2012-01-24,162.6,163.2,156.4,157,607800
2012-01-25,155.4,160.5,150,158.9,736400
2012-01-26,160.9,162,156.5,157.7,448400
2012-01-30,150.2,160.5,149.1,157.5,664000
2012-01-31,161,161.9,153.8,155.5,724000
2012-02-01,152.2,153.2,150.5,151.1,955000
2012-02-02,153,155.9,150.7,154,669000
2012-02-06,157,157.7,151.1,152.1,1014000
2012-02-07,155.2,163,153,161.7,1149800
2012-02-08,153,153,144.8,147.1,1896000
2012-02-09,147,154,145.6,153.1,1134000
2012-02-13,154.3,156.2,152.3,154.2,1456000
2012-02-14,158,158.8,154.4,154.9,759400
2012-02-15,153.6,155,152.8,153.9,621600
2012-02-16,153.6,155,152.2,153.3,1063200
2012-02-20,149,150,147.2,147.4,1453000
2012-02-22,148.5,148.9,147,148.2,585800
2012-02-23,149,153.4,149,152.4,758200
2012-02-27,156.4,156.9,153,154.4,856600
2012-02-28,155.1,156,154.3,155.8,907200
2012-02-29,155.2,160.8,154.6,160.1,1384800
2012-03-01,160.9,161.8,156.2,156.5,504000
2012-03-05,157.8,157.8,151,151.4,683200
2012-03-06,150.4,154,150.2,153.4,356600
2012-03-07,153.4,153.4,151.1,151.4,256000
2012-03-08,152,155.3,150.7,154.8,510000
2012-03-12,155.9,156.3,154.3,155.8,403400
2012-03-13,156.9,159.3,156,158.6,557600
2012-03-14,159,161.3,157.6,160.6,1266800
2012-03-15,161.8,165.8,161,164.1,1130200
2012-03-19,170.5,175,168.3,174.7,1151200
2012-03-20,175,176.5,172.3,172.8,1012200
2012-03-21,172.5,175.3,171.7,172.4,1531400
2012-03-22,172,179.4,172,178.9,1283600
2012-03-27,185.6,185.8,181.6,184.3,1584000
2012-03-28,185,194,184.2,193.4,2068400
2012-03-29,194.4,196,189.3,191.7,2815000
2012-04-02,198,199.3,192.3,192.8,839400
2012-04-03,194,195,187.1,189,1091600
2012-04-04,190.9,191,185,185.5,916400
2012-04-05,187,192.4,183.6,190.8,1041400
2012-04-09,195.5,196.8,190,195.9,1530800
2012-04-10,196.9,205.9,196.9,202.6,3771200
2012-04-11,204.5,209.7,204.5,208.7,2006000
2012-04-12,209.9,218,209.5,216.7,2389000
2012-04-16,216,217.8,209,212.1,2373800
2012-04-17,213,214.8,209.6,211.3,2045800
2012-04-18,214,221.9,213,217.9,2048400
2012-04-19,220,220.5,212.3,214,1489800
2012-04-23,216.1,223.7,216.1,221.5,2384400
2012-04-24,224,228,222.2,223.3,2565600
2012-04-25,224.9,226.3,219.9,221.2,1999600
2012-04-26,222,224.4,219.4,220.2,1709800
2012-04-30,213,217.8,212.3,214.7,938000
2012-05-02,217.8,220.9,216.7,219.6,1117800
2012-05-03,220.5,222.4,215.5,216.5,878400
2012-05-07,219.9,222,212,214.1,1206200
2012-05-08,216,216,208.7,209.4,925400
2012-05-09,209,212,198.5,200.4,1020800
2012-05-10,198.2,210.8,198.2,208.6,1035000
2012-05-14,206.9,209.6,204,208.5,355000
2012-05-15,203,209,203,205.7,444800
2012-05-16,204.3,209.5,204.3,205.8,506600
2012-05-17,205.1,207.7,204.9,206.9,292000
2012-05-21,207,213.9,206.9,208.1,714000
2012-05-22,210,210.6,205.2,206.9,594000
2012-05-23,205.6,206,200.9,205.2,725800
2012-05-24,205,207.5,204,204.6,277800
2012-05-28,201,204,199.8,200.4,441200
2012-05-29,202,202.6,196.2,201.1,555000
2012-05-30,203.7,203.8,201.2,202.9,383800
2012-05-31,204,207.2,203,206.4,493400
2012-06-04,211.9,212.9,203.2,203.6,720000
2012-06-05,203.3,206.8,203.3,205.9,397800
2012-06-06,208,209,205.9,207.1,477600
2012-06-07,208.4,210.3,206.1,206.9,593800
2012-06-11,204.5,205,201.6,203.4,423600
2012-06-12,202.9,203.9,200.2,203,293400
2012-06-13,205,206.5,202.9,203.3,238200
2012-06-14,200.5,203.8,200.5,202.4,214800
2012-06-18,198.1,199.8,196.5,198.8,352400
2012-06-19,198.8,202,198.5,199.7,313200
2012-06-20,202,202,196.6,197,369000
2012-06-21,199,200.4,196.7,197.9,253600
2012-06-25,196,201.5,195,200,599200
2012-06-26,201,206.4,199.9,204.3,497800
2012-06-27,203,207.8,203,206.9,1131400
2012-06-28,205.1,209.4,205.1,208.8,1305400
2012-07-02,209.9,209.9,203.9,204.4,418600
2012-07-03,202.2,204.8,201.1,203.8,325800
2012-07-04,203.3,204.5,199.9,200.7,391400
2012-07-05,203.9,203.9,198.7,201.8,403600
2012-07-09,200,200,194.5,197.9,632000
2012-07-10,196.9,197,192.3,192.7,565600
2012-07-11,191.2,196.9,186,194.6,670200
2012-07-12,197.9,200.9,194.6,198.9,544000
2012-07-16,192.5,193,189,192.1,270200
2012-07-17,192,195.6,192,194.4,412400
2012-07-18,196.9,202,196.1,201.1,584200
2012-07-19,202.5,204.6,197.9,201,738600
2012-07-23,200.4,204,199.6,203.5,685600
2012-07-24,205.9,208.5,205.8,208,685600
2012-07-25,209.9,209.9,204.9,205.5,896000
2012-07-26,205.4,208.3,205.4,207.9,682400
2012-07-30,204,205.8,203.4,204.8,908400
2012-08-02,195,195.9,192,193.1,991800
2012-08-06,188.5,191,188.4,189.2,557200
2012-08-07,191,192,189.3,189.8,399000
2012-08-08,190,190.9,186.3,189,773200
2012-08-13,192.6,193.6,190.8,191.8,327000
2012-08-14,190.9,192.3,189,189.7,451800
2012-08-27,188,188.9,181,182.3,809600
2012-08-28,180.3,184.4,172.2,172.7,1186600
2012-08-29,173,187,172,185.3,865000
2012-08-30,188.9,189,179,180.3,642400
2012-09-03,179.1,180.5,177,179.4,475000
2012-09-04,180.9,181,176,176.8,613800
2012-09-05,176,177,173.5,173.7,676600
2012-09-06,173.2,175,172.2,173.4,432400
2012-09-10,178,179.6,172.6,172.9,824600
2012-09-11,175,175,170.2,171.9,1101000
2012-09-12,174,174,169.7,170.1,714200
2012-09-13,170,170.7,166.5,167.5,972600
2012-09-17,174,174.5,171,172.7,574200
2012-09-18,174.9,179.5,173.6,178.3,1040000
2012-09-19,179.9,179.9,174.8,175.5,731600
2012-09-20,171.8,176,171,171.4,870800
2012-09-24,171.5,176.5,171.5,173.2,699400
2012-09-25,174,174,171.5,171.6,420000
2012-09-26,170.5,172.3,170.2,170.5,594600
2012-09-27,170,170.9,165,167.8,403400
2012-10-01,175.1,175.1,166.3,167.4,312800
2012-10-02,169,170,166.7,167.3,468600
2012-10-03,170,170.2,167.8,168.3,394000
2012-10-04,168.4,169.8,168.2,168.3,383800
2012-10-08,167.9,168.5,165.7,166.3,267000
2012-10-09,167,168.7,166.1,166.4,219600
2012-10-10,168,168,163,163.6,279400
2012-10-11,167,167,163.1,163.6,251800
2012-10-15,164.4,164.5,160.2,162.5,261200
2012-10-16,163,163.3,161.5,162.5,140200
2012-10-17,162.5,162.8,161,161.9,265600
2012-10-18,160.1,163.9,158.4,161.9,369800
2012-10-22,160.4,167,160.4,165,339800
2012-10-23,164.4,173,164.4,172.2,610600
2012-10-30,172.2,178.4,171.7,177.3,708400
2012-10-31,177,177.9,174,174.8,736800
2012-11-01,174,176.8,173.6,174.2,288400
2012-11-05,168.1,169.8,165.6,168.3,147600
2012-11-06,167.2,171,167.2,168.4,138400
2012-11-07,167.4,169.2,167,167.2,132600
2012-11-08,167.2,170.8,167,169.5,249400
2012-11-12,166.2,168.9,165.1,167.2,183000
2012-11-13,168.5,169,165.9,167.5,170400
2012-11-14,169,171.5,167.1,169.7,390000
2012-11-15,170,178.5,170,177.9,1279800
2012-11-19,175,176.5,171.4,172.1,405800
2012-11-20,170,172.3,167.7,168.2,394200
2012-11-21,168.5,171.8,168.3,169.2,298200
2012-11-22,170,171,168.8,169.1,165400
2012-11-26,168.7,169.7,166.1,167,213000
2012-11-27,165.7,168,165.7,166.4,172200
2012-11-28,167.2,168.7,164.2,165.8,247000
2012-11-29,169.8,172.4,166.6,170.9,376800
2012-12-03,169,170,167.5,168.1,120600
2012-12-04,168,168.4,166.6,167,170000
2012-12-05,167.5,169.6,166.8,167.4,131000
2012-12-06,167.1,169,166.3,167.6,204800
2012-12-10,166.5,167.5,166.3,166.4,168400
2012-12-11,166,167.5,166,166.6,136600
2012-12-12,167.5,168.1,166,166.2,175400
2012-12-13,165.6,167,165.4,166.5,193800
2012-12-17,168,168.5,167,167.9,196800
2012-12-18,167.3,168.8,166.8,167.1,145400
2012-12-19,167.9,168.4,167,167.2,182800
2012-12-20,168.1,173,167.8,169.9,500400
2012-12-24,170.4,172,169.2,171.5,312000
2012-12-26,172.2,175,172.2,174,441800
2012-12-27,175,175.7,173,174.8,409600
2013-01-01,174.9,175,172,172.6,171800
2013-01-02,172.1,172.5,170.3,170.5,159000
2013-01-03,171.6,172,169.3,171.6,127000
2013-01-07,171.8,172.8,170.7,171.6,148200
2013-01-08,171.5,172.2,171.1,171.4,100800
2013-01-09,172,172,170.1,170.9,180400
2013-01-10,171.5,171.5,170.3,170.6,143400
2013-01-14,170.1,170.5,169.7,170.1,111400
2013-01-15,169.6,170.3,168.9,170,108200
2013-01-16,170,170.4,169.5,169.6,103400
2013-01-17,170,170.6,170,170.4,189200
2013-01-21,170.5,170.5,168.5,168.9,67000
2013-01-22,169.9,169.9,168.8,169.1,113800
2013-01-23,169.1,170.4,168,168.1,209600
2013-01-24,168.7,168.9,166.9,167.9,283400
2013-01-28,168.3,168.4,167.7,168,202800
2013-01-29,168.2,169.2,168.2,168.6,357000
2013-01-30,168.9,171.1,168.1,168.4,323600
2013-01-31,169.9,169.9,168,168.2,270200
2013-02-04,171,172.5,169.5,171.5,852600
2013-02-05,173,175.1,171.8,174.9,658600
2013-02-06,176,176.1,172.5,172.8,433800
2013-02-07,171.9,172.4,169.7,170.1,510800
2013-02-11,168,168,163.5,165.9,575600
2013-02-12,164.2,166.7,164.2,165.1,260800
2013-02-13,165.1,168.4,165,166.6,377600
2013-02-14,167.9,168.3,166.3,167.9,294000
2013-02-18,166,166.8,165.4,166.2,227000
2013-02-19,165.5,166,163.3,163.4,430000
2013-02-25,154.8,155,150.2,150.6,237600
2013-02-26,151.9,152,149.7,151.4,149000
2013-02-27,151.5,151.5,146.1,146.7,225000
2013-02-28,147,148.4,146.1,147.1,137200
2013-03-04,144.1,149.8,142,148.2,161200
2013-03-05,149.5,149.5,145.1,145.6,104600
2013-03-06,144,148,144,145.3,118800
2013-03-07,142.7,144.9,142.3,143.7,88200
2013-03-11,140,142.8,138.1,141.3,192200
2013-03-12,140.3,145.7,140.3,144.1,139800
2013-03-13,146,147,145.3,145.9,138800
2013-03-14,146,146.2,144.2,145.9,144800
2013-03-18,142.5,146.4,142.5,144.8,125400
2013-03-19,145.1,147.6,145.1,147.1,100200
2013-03-20,145,147.5,145,145.6,99800
2013-03-25,145,145.9,143.7,144.4,100800
2013-03-27,144.9,144.9,142.3,144,181400
2013-03-28,144,147.5,143.7,147.1,180400
2013-04-01,146.2,146.8,145.3,146.2,228000
2013-04-02,146.3,149.1,146,148.7,276000
2013-04-03,149,149.8,147.8,148.6,164200
2013-04-04,146.2,148,146.2,147.4,125400
2013-04-08,146.3,146.7,145.3,145.9,120200
2013-04-09,146.4,147.8,145.7,146.5,129400
2013-04-10,149,149,145.1,145.7,148400
2013-04-11,146.5,146.6,145.6,145.8,117800
2013-04-15,147,147.4,146,146.7,125200
2013-04-16,147,147,144.1,144.7,115800
2013-04-17,145,145.3,144.2,144.6,119000
2013-04-18,144.5,145.5,144.4,145.1,72000
2013-04-22,144.4,145,144,144.4,84800
2013-04-23,144.1,145.7,144,145.2,113800
2013-04-24,144.8,145.9,144.3,145.5,85600
2013-04-25,144.5,146,144.5,145.2,123200
2013-04-29,144.5,144.9,143.2,144.2,123800
2013-04-30,144.5,144.5,143,143.8,138800
2013-05-02,144,147.4,143.7,146.6,211400
2013-05-06,146,146.6,145.5,145.9,102800
2013-05-07,146,147.6,145,147.3,192000
2013-05-08,146.3,147.8,146.3,147.2,124800
2013-05-09,147,149,146,148.3,126200
2013-05-13,150,159.8,149.6,158.2,370200
2013-05-14,160,160.2,156.5,157.4,225400
2013-05-15,156.2,157.9,154,154.7,167200
2013-05-16,155.6,162,155.6,161.8,358800
2013-05-20,165,167.7,163.5,166.2,396800
2013-05-21,165.3,170.3,165.3,169.9,430600
2013-05-22,169.7,169.9,167.5,167.8,298200
2013-05-27,165,168.3,164.8,166.8,261000
2013-05-28,168,169.4,167,168.1,216800
2013-05-29,169,174.5,169,173.9,875200
2013-05-30,174.5,175.5,173.4,173.7,267600
2013-06-03,174.7,179.2,174.7,178.7,598000
2013-06-04,178.5,179.9,175.1,177.7,302000
2013-06-05,178.9,185.9,175.1,185.1,893400
2013-06-06,187,190.3,184.4,187.8,1383000
2013-06-10,179,183.4,177.3,182.2,460400
2013-06-11,185,187.8,180,182.5,564400
2013-06-12,181.2,183.9,177.6,178.1,355400
2013-06-13,179.9,179.9,175.5,176,265000
2013-06-17,180,181,177.5,177.8,382400
2013-06-18,178,178.9,175,175.7,329600
2013-06-19,176,178.6,176,177.4,296400
2013-06-20,179.5,180.5,176.7,177.6,329000
2013-06-24,190,193.9,187.3,189.6,646000
2013-06-26,191.8,195.2,190.1,191.6,1020800
2013-06-27,193.7,194,183.5,184,1058400
2013-07-02,182,186.7,181.6,183.9,629200
2013-07-03,182.3,184.4,180.2,180.6,400800
2013-07-04,180.6,189.9,180.6,188.1,882200
2013-07-09,192,204.4,192,203.5,3496800
2013-07-10,210,221.3,210,220.7,4196800
2013-07-11,230,232,215,217,1934600
2013-07-15,215,230,213.1,229.9,3958600
2013-07-16,234.9,247.2,234.9,238,2974200
2013-07-17,242,242,229.9,232.5,2537400
2013-07-18,225,225,191.3,193.1,2923800
2013-07-22,185,185.7,179,180.9,1020600
2013-07-23,182,182.8,174.5,175,1212600
2013-07-24,173.2,189,173,186.7,780000
2013-07-25,189.5,189.5,176.9,178.4,659800
2013-07-30,172,176.9,170,174.2,1006400
2013-07-31,176.8,186.1,175,184.2,1067600
2013-08-01,180,187.5,180,183.8,565000
2013-08-05,177.3,180,177.3,178.9,409200
2013-08-12,178,179.2,176.6,177.9,220600
2013-08-13,179.7,182.9,178.1,179.1,408200
2013-08-14,170,181.9,166.1,178.2,467200
2013-08-19,189,193.5,183.1,192.7,1016000
2013-08-20,193.1,202.8,193.1,195.9,1526200
2013-08-21,198,203.7,194.7,196.1,1154800
2013-08-22,197.5,205.8,194.6,203.4,1691000
2013-08-26,215,218.7,209.3,210.5,1603400
2013-08-27,210,216,205.4,209.8,2376000
2013-08-29,214,217.5,212.1,213.3,1609000
2013-09-02,220.1,223.9,213.9,214.7,1645200
2013-09-03,214,221.3,211.5,220.5,2159000
2013-09-04,223.9,224,213.1,214.6,1278800
2013-09-05,216,219,211,212,913600
2013-09-09,212.7,212.7,200,204.3,1620800
2013-09-10,207.9,212,203.7,204.5,694800
2013-09-11,206,206.9,199.5,200.3,854800
2013-09-12,202.3,202.8,195.3,196.3,958200
2013-09-16,209,209,197,198.5,739800
2013-09-17,199.9,199.9,194.8,195.3,712600
2013-09-18,196,199.8,193.8,194.9,689600
2013-09-19,195.5,197.5,194.5,195.1,418800
2013-09-23,189,193,186.1,186.5,471400
2013-09-24,187,194.9,186.1,190.4,368000
2013-09-25,189.8,192.1,188,188.6,279600
2013-09-26,187,189.8,187,187.4,262000
2013-09-30,185.6,190.9,184.5,189.4,353200
2013-10-01,184.9,190.3,184.9,187.7,282400
2013-10-02,189.6,189.7,186.6,186.9,179400
2013-10-03,188,189,187,187.8,228000
2013-10-07,185.1,187,185,185.2,179000
2013-10-08,185.2,186.2,178,178.8,207000
2013-10-09,177.2,181.5,177,179.2,253800
2013-10-10,179.5,182.9,178.2,181.4,202400
2013-10-21,177.3,182.6,175,181.5,200800
2013-10-22,182,182.8,180,181.4,129600
2013-10-23,183,186,182.5,183.2,301200
2013-10-24,180.5,182.5,177.7,178,320200
2013-10-28,192,193.9,188.4,189.3,315600
2013-10-29,188,189.1,186.2,187.2,175400
2013-10-30,188.5,189.9,185.1,185.9,275600
2013-10-31,185.5,192.9,185.5,192,486600
2013-11-04,200,201,197,199.1,418000
2013-11-05,200,200.2,194.1,194.6,281800
2013-11-06,196.8,198.3,194.6,196.5,346600
2013-11-07,197,204.7,197,202.4,1122600
2013-11-11,199.7,199.7,196,196.4,287600
2013-11-12,196.5,197.5,194.6,195,543200
2013-11-13,197.5,197.5,194.1,194.6,394000
2013-11-14,196,197,194.7,195.6,439600
2013-11-18,201,202.6,197.6,199.9,560800
2013-11-19,200.1,207,200.1,206.5,1188600
2013-11-20,208.5,216.5,207,215.3,1960800
2013-11-21,218,218,209,209.9,1158800
2013-11-25,207,209,201.3,202.4,987400
2013-11-26,201.2,205.1,199.9,200,900200
2013-11-27,200,206.5,200,205.6,460800
2013-11-28,205.9,206,201.1,203.2,323600
2013-12-02,201,204,199.5,201.8,337200
2013-12-03,202,205,202,204.8,360800
2013-12-04,206,208.1,205.2,207.2,628200
2013-12-05,207.9,207.9,204.1,206.4,208800
2013-12-09,207.2,209.7,204.3,204.7,504600
2013-12-10,204.1,206,203,204.6,378000
2013-12-11,206.4,207,203.5,204.3,301000
2013-12-12,205,205,201.6,202.1,300400
2013-12-17,202.1,203,200.1,200.2,410600
2013-12-18,200.5,201.4,199.9,200.2,259200
2013-12-19,201,201.9,198.3,199.9,361200
2013-12-23,203,203.5,200.6,200.9,287400
2013-12-24,200.1,202,199.6,200.1,228200
2013-12-26,199.9,200.8,199.1,199.8,174200
2013-12-30,199.9,203,199.7,200.9,395600
2014-01-01,202,204.1,201.5,202,210400
2014-01-02,205,208.1,203,206.3,751200
2014-01-06,207.9,207.9,204.6,206.4,194800
2014-01-07,202,208.3,198,207.7,377400
2014-01-08,208.4,211.5,207.4,210.5,641200
2014-01-09,210.8,212.9,207.5,208.7,378800
2014-01-13,210,211.8,205.7,205.9,493400
2014-01-15,205.9,207.3,203.5,204.5,540200
2014-01-16,207.9,207.9,205.2,206,217200
2014-01-20,210,210.7,206.8,207.1,399000
2014-01-21,207.2,208.3,207.1,207.5,467400
2014-01-22,207.6,212.8,207.6,208.7,731200
2014-01-23,211.3,213,208.8,212.1,778400
2014-01-27,217.8,217.8,212.1,213.4,342800
2014-01-28,213.8,214.5,210.1,210.9,334200
2014-01-29,210,212.7,209.7,211.5,405400
2014-01-30,212.2,215.5,211.6,212.3,832000
2014-02-03,211.4,213.2,210.5,212.2,516000
2014-02-04,211.3,211.9,209.8,210.1,529200
2014-02-05,210.6,211.8,205,205.4,817400
2014-02-06,205,210.8,205,210,778800
2014-02-10,208,208.6,205.3,206,733800
2014-02-11,200,210.7,199,209.3,992400
2014-02-12,209,210.7,207,207.4,441800
2014-02-13,207.1,207.9,206.2,207.2,367400
2014-02-17,205.2,205.7,204,204.7,301600
2014-02-18,205.5,207.5,204,205.8,549000
2014-02-19,206.1,209,206.1,208.3,682000
2014-02-24,204,208.5,203.8,207.9,462200
2014-02-25,208,214.2,207.8,212.5,1039400
2014-02-26,213.8,215.6,209.3,210.4,524800
2014-02-27,208,215,208,214,817600
2014-03-03,219.7,224,218.5,220.3,1109800
2014-03-04,220,220.8,213.4,214.2,679200
2014-03-05,214.9,214.9,210.3,213.7,538800
2014-03-06,215,216.5,213.6,214.7,522200
2014-03-10,218,219.5,214,214.4,453800
2014-03-11,215.6,215.8,212.5,212.8,379800
2014-03-12,213.8,216.6,213.6,214.3,591200
2014-03-13,214.7,216.7,214.1,214.6,470800
2014-03-18,214,215,210.7,211.3,522000
2014-03-19,210,212,210,211.3,436200
2014-03-20,211,213.3,210.6,211.7,348800
2014-03-24,210,210.4,207.5,208,211200
2014-03-25,207.3,212.3,207.3,212,459600
2014-03-27,214,217,210.7,214.5,418400
2014-03-31,213.5,214.6,211.7,213.8,261200
2014-04-01,214.8,217.6,214.7,215.7,639400
2014-04-02,217,220.4,215,220,921800
2014-04-03,219.8,227,219.8,226.3,1450600
2014-04-07,232,242.2,232,240.7,2629000
2014-04-08,243,254.2,241.3,247,2685800
2014-04-09,245,250.1,242.2,247.9,1614200
2014-04-10,247.9,257,247.5,256,1972800
2014-04-15,262,272,256.1,269.2,2069800
2014-04-16,269.9,270,254,255.8,1225800
2014-04-17,256,261,252.5,254.6,792200
2014-04-21,251.9,256,249.5,252.7,562200
2014-04-22,253,256,249,251.6,500600
2014-04-23,254.8,266,251.3,265.2,2018600
2014-04-24,269.9,276.2,266,270.3,3263400
2014-04-28,266.9,266.9,260.2,262.8,583200
2014-04-29,263.1,269,260.7,267.9,747200
2014-04-30,269,271.7,264.1,268.9,1049600
2014-05-05,262.6,268.7,262.1,267.9,773200
2014-05-06,272,273.6,266,270.3,1817800
2014-05-07,270,277.2,270,276.4,1654800
2014-05-08,277,278,271.8,272.6,889400
2014-05-12,269,271.6,267.7,270.5,631000
2014-05-14,271,271,266,267,740800
2014-05-15,265,268,261.9,264.5,458200
2014-05-19,261,265.4,259.5,261.4,377600
2014-05-20,261,263,260,261.3,271000
2014-05-21,261.5,263.5,259.3,260.4,320000
2014-05-22,263.5,263.5,254.3,255.3,272600
2014-05-26,259,264.9,258.2,264.1,338400
2014-05-27,264.6,266.3,262.7,266,369600
2014-05-28,263.5,270.5,263.5,269.8,682200
2014-05-29,269,269.5,265,266.3,346800
2014-06-02,276,286.4,276,281.7,1730400
2014-06-03,282,293.7,280.6,290.7,1450200
2014-06-04,291.5,297.4,291.5,295.9,1310000
2014-06-05,296.9,296.9,284.1,285.9,818400
2014-06-09,282,291.6,282,289.3,639000
2014-06-10,290,290,283.1,286.3,498400
2014-06-11,282.8,296.2,282.8,295.1,1308600
2014-06-12,296.5,303,295.1,299.3,1131000
2014-06-16,309.4,312,303.2,305.4,754000
2014-06-17,306.6,306.9,300.1,303.7,530400
2014-06-18,303,307,300.1,303.3,315800
2014-06-19,303,303.9,295.6,300.1,673600
2014-06-23,298.7,305.6,296,304.7,882200
2014-06-24,305.8,305.8,300,300.9,519800
2014-06-25,301,304.7,297.4,301.4,818000
2014-06-26,301.5,302,296.5,297.1,550400
2014-06-30,295.5,301.9,295.2,300.3,432000
2014-07-02,301,303.7,295.7,296.1,626200
2014-07-03,296.9,298.5,293.8,294.9,342800
2014-07-07,292.9,295,291.5,293.3,221000
2014-07-08,293.5,299.3,292.6,297.9,539000
2014-07-09,296.3,299,295.1,297.6,304800
2014-07-10,298.9,300.1,295.6,297.3,370200
2014-07-14,298,298,294.8,295.7,478800
2014-07-15,298,298,291,291.7,267600
2014-07-16,296,296,289.2,290.7,869000
2014-07-17,290.1,290.1,284.8,285.1,554800
2014-07-21,279,290.8,278.1,289.4,304800
2014-07-22,294,297,291.1,293.5,1366200
2014-07-23,295.7,301,294.6,297.7,818200
2014-07-24,299,309.3,299,307.5,1946200
2014-08-06,304.9,315.5,303,307.9,1910200
2014-08-07,309,331,308,323.9,1257000
2014-08-11,338.5,346.9,325.6,340,1324600
2014-08-12,344.9,344.9,329,330.9,1039800
2014-08-13,340,341.8,332.4,339.2,777600
2014-08-14,344,350.4,341,344.2,1163000
2014-08-18,346.9,346.9,335.5,335.8,735000
2014-08-19,339,344,334,338.2,1003800
2014-08-20,337.5,342,332.9,333.6,932200
2014-08-21,335.9,337.5,329,330.3,824400
2014-08-25,325,334.4,324,326.8,614000
2014-08-26,327.2,328,317,317.4,948400
2014-08-27,318.1,329,313.2,325.5,556600
2014-08-28,325.6,325.6,319.1,321.1,420400
2014-09-01,330,338.6,327,337.4,1045400
2014-09-02,339.8,340.2,331,338.9,669200
2014-09-03,336.5,346,336.5,337.9,684200
2014-09-04,339.9,342.7,336.7,338.1,538800
2014-09-08,333.4,336.8,332.1,333.2,304600
2014-09-09,334,341.1,334,338.9,489200
2014-09-10,340,342.1,335.4,338,547200
2014-09-11,339.5,341.8,336.7,337.8,449200
2014-09-15,341.9,350.9,341.9,344.2,903800
2014-09-16,345,349,341.3,345.7,578800
2014-09-17,349.7,360.1,349,353.6,1363400
2014-09-18,354.9,367.3,354.9,365.1,938000
2014-09-22,383,389.8,381.3,385.9,1155600
2014-09-23,385,388,377,380.7,647600
2014-09-24,381,384,378.5,379.7,748400
2014-09-25,382.3,399.8,382.3,398.6,930400
2014-09-29,399,399.3,386.3,392.2,596200
2014-09-30,394,394,378.3,381.9,1966600
2014-10-01,382.6,390.1,380,384.2,1079400
2014-10-02,383,387,379.2,380.2,648400
2014-10-13,380,383.7,373.5,374.7,940400
2014-10-14,377,378.9,372,372.6,1082400
2014-10-15,376.8,383.9,374.3,379.1,792400
2014-10-16,380,381.8,376.6,377.8,581000
2014-10-20,374,375.7,366.6,369.1,491600
2014-10-21,372,375.8,369.8,373.6,710400
2014-10-22,371,375,369.1,370.8,411800
2014-10-23,372.6,375.1,370.2,374.8,478800
2014-10-27,389,389,378,385.7,1022800
2014-10-28,387,389,379,379.7,501000
2014-10-29,378,379,372.7,374.6,629800
2014-10-30,377.5,378,372.1,374.5,483800
2014-11-03,371.2,373,360.1,361.6,557600
2014-11-05,365,365,357.3,358.5,455200
2014-11-06,362,364.4,351.7,353.3,490000
2014-11-10,342.5,352.4,338.6,348.7,307800
2014-11-11,353,355.4,347.2,351.4,354800
2014-11-12,353,355,351,354.2,476600
2014-11-13,354.9,354.9,348.5,349.6,303600
2014-11-17,345.5,347,343.7,344.3,258400
2014-11-18,343.4,345.9,339,339.4,245000
2014-11-19,339.1,343,338.2,339,374200
2014-11-20,340,340.1,328.7,334,498200
2014-11-24,328.1,328.1,315.2,316.7,527800
2014-11-25,323.2,323.8,315,315.6,297400
2014-11-26,316.7,318.5,312.4,312.9,236400
2014-11-27,313,316.9,312.5,313,211600
2014-12-01,319.1,343,319,338.5,406600
2014-12-02,341,358.6,338.4,354.6,609800
2014-12-03,356.3,357.3,348.1,352.2,345200
2014-12-04,351.1,357,347.9,352.6,286600
2014-12-08,351,353.5,349.3,352.6,226000
2014-12-09,353,361.7,353,355.3,378600
2014-12-10,359.9,366.6,357.9,365,445600
2014-12-11,368.9,369,361.4,363.1,137403
2014-12-15,355.3,355.3,350,350.6,167092
2014-12-17,350,355,349.9,350.6,171273
2014-12-18,347.1,355.9,347,350.8,98182
2014-12-22,355,358.5,351.9,357.6,144180
2014-12-23,357,358,354.6,357.4,175372
2014-12-24,357.5,360.9,355,360.2,249345
2014-12-29,356.3,357.9,355.7,356.5,176048
2014-12-30,355.3,362.9,355,361.9,254289
2015-01-01,364,365,360.5,364.3,155125
2015-01-05,362.5,368,362.2,367.3,199930
2015-01-06,368.6,369.2,365.2,367.4,160261
2015-01-07,364,367.7,363.5,365.1,172046
2015-01-08,365.8,365.9,364.5,365,157434
2015-01-12,355.9,365.4,355.9,364.6,212791
2015-01-13,366,366,361.2,363,238890
2015-01-14,360,363.5,359.5,360.2,206528
2015-01-15,360,361,358.2,359.3,166878
2015-01-19,355.5,357.7,351.4,353,244073
2015-01-20,350,354.8,350,352.1,233915
2015-01-21,350.4,351,345.3,350.2,224848
2015-01-22,352,352,348,348.8,151070
2015-01-26,340,343,328,329.3,240344
2015-01-27,329,334.7,325.5,331.5,271546
2015-01-28,336,338.9,330.5,332.3,262672
2015-01-29,328.6,331.5,328,329.3,158935
2015-02-02,325,330,319.2,326.5,337154
2015-02-03,330,337.9,326.3,335.6,194411
2015-02-04,336.7,339.9,332.1,338.6,215456
2015-02-05,340,340.8,330.1,339.4,251533
2015-02-09,340,347,336.1,340,214549
2015-02-10,343,348,340.6,346,301258
2015-02-11,347.9,354.9,347.9,353.3,374607
2015-02-12,352.5,355.5,348,349.6,248135
2015-02-19,339,340.5,332.1,333.1,351605
2015-02-23,339.6,343.6,339.1,340.6,171941
2015-02-24,341,343.5,337.9,339.7,207643
2015-02-25,340,340,336,337.1,186812
2015-02-26,337.9,338.7,335,335.3,149433
2015-03-02,334.6,337.3,330,331,292296
2015-03-03,330,334.5,329.8,332.7,202294
2015-03-04,332.9,333,328,329.4,255521
2015-03-05,328,332.1,327.1,328.1,111926
2015-03-09,328.1,332.2,326.1,326.8,414660
2015-03-10,328.9,330.7,327.6,328.7,239704
2015-03-11,331.4,334.9,327,327.7,366647
2015-03-12,326,330.3,324.5,325.1,341122
2015-03-16,334,341.2,331.5,339.8,731419
2015-03-18,340,344.5,335,336.2,490921
2015-03-19,335,339.8,333.6,334.4,269450
2015-03-23,338.9,340,335.4,335.9,289286
2015-03-24,336,338.7,336,337.2,236359
2015-03-25,338,345.7,338,344.7,730363
2015-03-30,358.7,358.7,348,352.8,811129
2015-03-31,354.9,361,354.5,358.2,823691
2015-04-01,353.2,358.9,352,353.7,461671
2015-04-02,353,354.5,347.1,348.5,534800
2015-04-06,353,355.4,349,349.3,279928
2015-04-07,348.3,349.4,344.5,348.4,353683
2015-04-08,352,353.9,346.1,351.1,290547
2015-04-09,350,354.4,348.7,349.6,343964
2015-04-13,349.9,349.9,346,346.8,370984
2015-04-15,346.5,348.5,342.1,342.7,465638
2015-04-16,343.6,348.8,341.1,342,271580
2015-04-20,340,340.1,330,332,361175
2015-04-21,337,342,331,332.6,363281
2015-04-22,332.1,334.8,328.5,329.3,305022
2015-04-23,329,329.8,324,324.8,236356
2015-04-27,318.5,334.1,318.5,331.2,228543
2015-04-29,331.8,331.8,325,326,147043
2015-04-30,328.8,328.8,317.5,323.7,226665
2015-05-04,324.5,330,321,322.6,236792
2015-05-05,327,331.9,325,331,279003
2015-05-06,333.9,334,329,330.9,183309
2015-05-07,328.6,329.7,322.9,325.4,353312
2015-05-11,330,334.9,327.8,328.8,244343
2015-05-12,331,332.5,325.7,326.8,196203
2015-05-13,326,328.9,323,323.4,310436
2015-05-14,326.9,326.9,322.1,324.7,188603
2015-05-18,326,331.9,323.2,329.7,372420
2015-05-19,333.8,337,332.1,334.4,457192
2015-05-20,335,337.8,328.1,330.2,374019
2015-05-21,332,332,325.2,326.5,301181
2015-05-25,323.3,334.8,323.2,330.9,470474
2015-05-26,334,335,326.5,328.7,374025
2015-05-27,329.9,330,323.6,324.3,581948
2015-05-28,327.9,327.9,320.9,323.2,1072865
2015-06-01,325,333.4,323.2,325.9,1074880
2015-06-02,329.5,334.9,327.4,328.4,554383
2015-06-04,329.1,330,326,326.8,391377
2015-06-08,327.5,329,322.5,323.6,294794
2015-06-09,324.3,325.6,322,322.9,253524
2015-06-10,322.8,327.6,321.6,323.9,766665
2015-06-11,325,334.7,325,333.5,937539
2015-06-15,336,336.4,330.5,331.8,365896
2015-06-16,332.6,335.9,331.5,332.5,385644
2015-06-17,333,335,331.6,331.9,436639
2015-06-18,330.1,332.9,328,328.5,265953
2015-06-22,328.9,328.9,325,325.5,244088
2015-06-23,326.3,328.7,322.8,323.5,434156
2015-06-24,323.8,328.4,322.8,323.4,330903
2015-06-25,325.5,325.5,322.1,324.1,190361
2015-06-29,325.8,327,324,325.3,478030
2015-06-30,326,333,325,329.7,559149
2015-07-02,330.1,334,328.3,332,442113
2015-07-06,328.2,331,325.5,328.6,364742
2015-07-07,328.6,331.3,326.1,327.3,495943
2015-07-08,328,334,327.2,332.6,629636
2015-07-09,333.5,340,333.2,339.2,873207
2015-07-13,346.9,349.8,342,347.7,719788
2015-07-14,347.7,347.8,340.6,342.2,443898
2015-07-21,340,342,326,335.3,797337
2015-07-22,335.2,338.8,332.2,333.6,475232
2015-07-23,334.6,339.9,333.9,337.9,743112
2015-07-27,338.6,339.2,336.1,337.4,496828
2015-07-28,338,339.9,337,339.2,588526
2015-07-30,332.2,335,329,330.5,458992
2015-08-03,328.5,330.5,327,329,279932
2015-08-04,329.8,329.9,325.3,327.9,475381
2015-08-05,329,329,323.3,324,426097
2015-08-06,324,326.5,323,323.8,348245
2015-08-10,323.3,323.8,322,322.5,431092
2015-08-11,324.8,324.9,320.1,320.6,350800
2015-08-12,322.1,323.5,319.5,319.8,327368
2015-08-13,320.8,321.8,315.8,316.5,364847
2015-08-17,316.6,317.4,310,311.1,449494
2015-08-18,311.9,320,309,315.9,370013
2015-08-19,318.9,318.9,313.5,314.9,118637
2015-08-20,314,316,312.9,314.4,222352
2015-08-24,316.5,318.2,316.3,317.2,202250
2015-08-25,318.7,318.7,315.7,317.9,201350
2015-08-26,318.7,321,318,320.1,221516
2015-08-27,321.5,321.5,318.2,319.9,328399
2015-08-31,317.2,318.9,316,316.7,150533
2015-09-01,316.1,317.8,313.5,314.7,141557
2015-09-02,313.6,318,313.5,315.5,141790
2015-09-03,315.1,316.7,314.5,315.4,141354
2015-09-07,314.4,315,313,313.6,198554
2015-09-08,314,315.5,313.1,314.3,276856
2015-09-09,313.2,315,308.4,309,471279
2015-09-10,309.1,310,304.8,305.5,368348
2015-09-14,307.1,309.3,306.4,306.8,178451
2015-09-15,307.4,309.6,307.4,308.1,89909
2015-09-16,308.3,309,306,306.8,120946
2015-09-17,306,306.1,300.1,302.4,474259
2015-09-21,298.2,300.9,295,299.8,345511
2015-09-22,299.1,304,299,299.9,166727
2015-09-28,300.1,302,294,294.6,364143
2015-09-29,296,296,290.2,290.8,354263
2015-09-30,290.8,290.8,284.5,285.1,833000
2015-10-01,285.1,287.9,285.1,285.8,243826
2015-10-05,282,282,275.5,276.1,537491
2015-10-06,276.2,282.2,274.8,275.2,333825
2015-10-07,279,279.3,266.5,267.4,461989
2015-10-08,266.3,268,258.5,260.1,444804
2015-10-12,267,267.7,264.7,265.8,231639
2015-10-13,264,267,258.3,259.6,278690
2015-10-14,260.1,260.8,254.6,255.3,305468
2015-10-15,254.9,258.9,242,244.5,481075
2015-10-19,245,253.4,241,252.2,409898
2015-10-20,253.2,259.2,253.2,258.2,370453
2015-10-21,258.9,259.8,253.6,254.5,310969
2015-10-26,253,254,246.2,247.6,313704
2015-10-27,250,251.5,247,249.9,91149
2015-10-28,250,250.1,246.6,248.6,184491
2015-10-29,246.5,251,246.5,248.6,285936
2015-11-02,249.8,252.4,247.3,251.4,412649
2015-11-03,251.4,251.9,247.5,248.5,274046
2015-11-04,249,249,247.4,247.8,172422
2015-11-05,248,252.4,247.9,251.4,186847
2015-11-09,249.3,251.3,247.6,250.8,236430
2015-11-10,250,252.3,249.9,250.8,186066
2015-11-11,251,251.8,247,248.2,123105
2015-11-12,250,250.3,249,249.8,90739
2015-11-16,249.5,252,249.5,250.3,177037
2015-11-17,250.5,255.5,250,254.5,124887
2015-11-18,254.5,254.5,251.2,252.2,230075
2015-11-19,250.7,254,250.7,253.1,63797
2015-11-23,254.8,254.9,253.5,254,134917
2015-11-24,252.9,254,251.7,252.5,100423
2015-11-25,252,253.9,252,253.1,88707
2015-11-26,253.1,255.3,253,254.6,133024
2015-11-30,256.1,267.3,256.1,265.5,294283
2015-12-01,267.9,274.4,266.8,269.9,243902
2015-12-02,271.1,275.7,265,270.8,410150
2015-12-03,272,272.5,269.8,271.4,175853
2015-12-07,267.4,268,254.5,257.5,552969
2015-12-08,257,259.5,253,254.1,219733
2015-12-09,257.6,257.7,250,251.9,223445
2015-12-10,252.7,254.3,252.6,253,233199
2015-12-14,253,253,251.7,252,127904
2015-12-15,251.3,252.5,250.5,251.4,118853
2015-12-17,251.2,253,251,251.7,75684
2015-12-21,253.4,257.8,253.4,253.9,91240
2015-12-22,255,256.9,253,254,104190
2015-12-23,253.5,254.5,253,253.5,148159
2015-12-24,253.5,255,253,253.2,67648
2015-12-28,253.7,254.9,252.8,253.1,79436
2015-12-29,254,254.4,252.3,252.7,117066
2015-12-30,253,253.4,252.1,252.6,78647
2015-12-31,253,253.3,252.3,253,84850
2016-01-04,254.5,254.8,252.1,252.3,102658
2016-01-05,252.7,253,251.1,251.5,156955
2016-01-06,252,254.8,251.9,252.5,131439
2016-01-07,253.1,253.8,251.9,252.2,144680
2016-01-11,254,262,253.5,257.6,233191
2016-01-12,258.5,259.8,255,255.5,76307
2016-01-13,255.4,257.9,253.6,256.2,161792
2016-01-14,256.6,257.9,254.5,256.9,127151
2016-01-18,259.5,263.8,259,261.1,185687
2016-01-19,263.3,274,261.5,273,648776
2016-01-20,274,274,267,268.7,323136
2016-01-21,269.8,269.8,265.2,266,224732
2016-01-25,266.2,268.3,266.1,267.7,100503
2016-01-26,266.5,268.8,265.5,268,157468
2016-01-27,268,269.6,264.6,265.1,110245
2016-01-28,265,265.7,260,261.2,133898
2016-02-01,257,259,254.3,256.3,155217
2016-02-02,256.3,262,256.3,261,121140
2016-02-03,260.7,264.7,260.2,261,133534
2016-02-04,258.7,261.2,258.7,259.1,111564
2016-02-08,260,260,254.9,257.9,287382
2016-02-09,258.6,260,255,257.6,175386
2016-02-10,259.7,259.7,255.3,258,250897
2016-02-11,257.8,258,255.3,255.6,113260
2016-02-15,255,257.9,254.5,256.5,155118
2016-02-16,258,258,255.1,256.3,114735
2016-02-17,256,257,254,255.1,96392
2016-02-18,256,256,254.5,254.8,170094
2016-02-22,255.3,259.7,253.1,258.3,202032
2016-02-23,259,259.7,256,256.6,235202
2016-02-24,256.5,258,255.5,255.9,132100
2016-02-25,256,256.5,255.2,256.2,78277
2016-02-29,256.2,257.5,255.1,256.6,135888
2016-03-01,250.1,251.5,243,244.1,693926
2016-03-02,244.1,245,239.6,240.2,861313
2016-03-03,241,244.5,241,244,142064
2016-03-07,246,248.1,243.5,245.1,145534
2016-03-08,243.7,246.5,242.8,243.9,67832
2016-03-09,245.5,246,243.2,243.8,57092
2016-03-10,244,244,242.6,242.9,79316
2016-03-14,243,244,240.8,241.1,212301
2016-03-15,242.1,243,240.3,240.6,85902
2016-03-16,240.6,241,237.5,238.8,112437
2016-03-21,240.5,241.4,239.8,240.1,101991
2016-03-22,240,240,236,237.1,65750
2016-03-23,239,239,234.7,236.5,179048
2016-03-24,235.2,237,234.1,236.5,81672
2016-03-28,234.1,235,231.4,232.4,79420
2016-03-29,230.4,234.9,230.2,231.1,114591
2016-03-30,230.3,233.9,228.6,229.8,101992
2016-03-31,232,232,224.5,226.8,311473
2016-04-04,233.1,234.8,231.2,233.2,40223
2016-04-05,232.3,233.9,232.3,233,48820
2016-04-06,232.5,233.3,232.1,232.5,42276
2016-04-07,233.2,233.9,232.5,233.1,47261
2016-04-11,234.5,236.3,233.5,233.9,50006
2016-04-12,233.8,234.8,233,233.7,42212
2016-04-13,234,235,233.1,233.7,75388
2016-04-18,235.9,236.8,232.5,233.3,119395
2016-04-19,233.6,236.7,233.6,235.3,135150
2016-04-20,237,241.3,237,240.3,166147
2016-04-21,243,252,242.9,248.6,362566
2016-04-25,250,253,246.6,251.2,280589
2016-04-26,251.9,252.3,248.7,251.7,124370
2016-04-27,251,252.3,249.4,250.3,175582
2016-04-28,250.5,251,244.3,246.4,160035
2016-05-02,245,246.5,241.8,244.4,92010
2016-05-03,247,249.9,244.3,248,109987
2016-05-04,246,249.5,245,245.9,128925
2016-05-05,247,249.9,247,248.3,84834
2016-05-09,249.8,253.5,249.6,253,196053
2016-05-10,253.4,256.1,253.4,254.8,190350
2016-05-11,252.1,254.8,252.1,252.8,50089
2016-05-12,251.1,253.8,251.1,252.6,81402
2016-05-16,252,254,252,253,100248
2016-05-17,252.2,254.1,252.2,253.6,84937
2016-05-18,252.2,256,252.2,255.3,103757
2016-05-19,254.6,258,254,255.2,128644
2016-05-24,256.7,257.7,256.2,256.6,145927
2016-05-25,256.6,257,254.3,254.5,161245
2016-05-26,254,256,252.9,254.5,81582
2016-05-30,257,257.8,255.5,256.9,161179
2016-05-31,257,257,254.6,255.1,145880
2016-06-01,255,257,255,256.4,39140
2016-06-02,256.7,257,255.2,256,41973
2016-06-06,255.2,257.2,255.2,256.3,95284
2016-06-07,255.1,256.8,253.7,255.2,333429
2016-06-08,256,257,255.1,255.8,29177
2016-06-09,255.1,257,255,255.6,66907
2016-06-13,255.1,255.2,254.8,255,105724
2016-06-14,255.7,255.7,254.8,255.2,113928
2016-06-15,255,256,254.8,255,202782
2016-06-16,255.6,255.6,252.1,252.6,130277
2016-06-20,252,254.4,250,251.4,55095
2016-06-21,252,252,250.4,251.3,44554
2016-06-22,252,252,250.1,250.5,47617
2016-06-23,250.2,252.2,250,250.6,57772
2016-06-27,250,250.7,249.1,249.9,72017
2016-06-28,250,253.9,249.8,252.5,465933
2016-06-29,253.9,254.5,250,252.2,165941
2016-06-30,251.7,257,251.7,254.7,193224
2016-07-11,253,255,252.5,254.6,60759
2016-07-12,255.8,257,254.1,256,61802
2016-07-13,256.8,259.5,256.1,256.5,189091
2016-07-14,257,257.4,256.3,256.9,134399
2016-07-18,259,261,256,258,359802
2016-07-19,259.4,263.4,257.7,262.5,390103
2016-07-20,263,268.9,263,267.9,439457
2016-07-21,268,268.6,266.6,267.9,230534
2016-07-25,265.2,271.9,265.2,270.7,435675
2016-07-26,269.1,281.5,269.1,279.7,773149
2016-07-27,278,286,278,284.7,1382126
2016-07-28,284,285.9,265,281.1,419664
2016-08-01,276.6,276.7,274.6,275.6,168030
2016-08-02,275.5,279.4,275.5,276.5,166461
2016-08-03,276.3,277.4,275.5,275.9,150266
2016-08-04,275.1,275.3,273,274.3,192867
2016-08-09,265.3,268.5,264.5,267.6,196823
2016-08-10,267.9,270,265.6,269.3,251043
2016-08-11,272,275,269.1,271.4,246726
2016-08-16,271,273.6,270.1,273.2,145204
2016-08-17,272,273,271.3,271.9,165132
2016-08-18,271.2,272.5,271.2,271.5,241117
2016-08-22,270.5,271,270.3,270.7,107439
2016-08-23,270.2,272,267.2,268.2,231668
2016-08-24,267.1,267.6,266.1,266.9,50755
2016-08-29,265.4,265.8,263.6,264.7,83295
2016-08-30,264.7,265,263.5,264.6,61936
2016-08-31,262,264.9,262,263.9,128380
2016-09-01,262.9,264.9,262.3,264.4,71027
2016-09-05,268,268,265.7,267.6,64315
2016-09-06,268,268.9,266.1,267.1,140643
2016-09-07,266,268,266,267.2,99009
2016-09-08,266.3,268,266,266.2,99623
2016-09-19,265,266.9,260,263.4,81816
2016-09-20,262,264.8,262,264,113989
2016-09-21,264,264.6,261.9,262.3,133165
2016-09-22,262,265.5,262,265,132224
2016-09-26,268.1,270,268.1,269.9,101855
2016-09-27,269.2,270,267.1,267.9,82652
2016-09-28,267.1,269.9,267.1,268.3,67991
2016-09-29,269,270,268.5,269.8,143539
2016-10-03,268.8,270.5,268.7,270.1,128260
2016-10-04,271,274.2,270.1,273.9,393602
2016-10-05,273.9,273.9,271.3,271.8,73988
2016-10-06,272,272.6,270,272.3,94121
2016-10-10,269.8,270.5,265.6,267.2,138894
2016-10-13,269,270.5,267.6,269.8,51945
2016-10-17,270.4,270.7,269.6,270.2,87646
2016-10-18,270.7,274.4,270.4,273.8,250912
2016-10-19,275,278.2,274.8,275.7,524147
2016-10-20,277.8,278,276,276.8,183311
2016-10-24,281.2,285,281,284.7,315227
2016-10-25,285,285,281.6,282,238888
2016-10-26,280,281.8,278.1,278.8,138556
2016-10-27,279.9,281.4,278.5,279.1,111607
2016-10-31,275,276,272.8,273.2,139729
2016-11-01,273,278.2,272.5,277.5,118481
2016-11-02,278.5,279.9,277,278.2,267059
2016-11-03,278.1,279.7,278.1,278.8,204331
2016-11-07,278,280,278,279.8,211279
2016-11-08,279.1,283.5,279.1,282.2,337318
2016-11-09,281.3,282,279.6,281,200898
2016-11-10,279.1,280.1,278.2,279,172213
2016-11-14,280,280.1,279,279.9,197525
2016-11-15,279.1,280.1,279,279.5,90423
2016-11-16,279.8,282,279.4,280.8,404169
2016-11-17,281.8,284.5,281.7,283.9,684451
2016-11-21,287.1,289,286.5,287,244910
2016-11-22,288,290.2,286.7,290,533392
2016-11-23,288.6,291.4,288.6,290.2,357216
2016-11-24,292,292,287.6,288,381566
2016-11-28,286,287.3,284.7,285,130582
2016-11-29,285.2,287,282.3,284.6,193621
2016-11-30,289.9,289.9,282.5,283.4,351438
2016-12-01,283.9,284.9,283,284.2,113525
2016-12-05,284,286.7,284,286.5,370962
2016-12-06,287.9,287.9,286,286.8,180687
2016-12-07,286.2,288.8,286.2,288.1,287819
2016-12-08,290,290,287.2,288,197844
2016-12-12,284,286.2,284,285.6,93532
2016-12-14,283,287,283,285.8,220881
2016-12-15,288,288,286,286.9,356470
2016-12-19,285.2,286.3,285,286,383922
2016-12-20,285,287,285,286.9,279652
2016-12-21,287,287.5,286.3,287,118154
2016-12-22,286.1,287,285,285.7,211867
2016-12-26,286,286,283,283.6,132580
2016-12-27,283.7,285.9,283,283.7,116757
2016-12-28,283,284.5,283,283.4,97413
2016-12-29,283.1,285.7,283,284.1,121981
2017-01-02,282,286,282,283.8,207796
2017-01-03,284,287,283.5,285.8,510520
2017-01-04,286.1,289.9,286.1,288.6,431195
2017-01-05,290,291.7,286.5,287.6,263372
2017-01-09,290,291.5,289.5,290.8,128633
2017-01-10,290.1,290.5,287.5,289.3,313298
2017-01-11,288,290.5,288,290.5,113633
2017-01-12,290.7,292.8,288.5,292.5,665205
2017-01-16,290,295,289.9,294.3,473947
2017-01-17,292.1,295.4,292,295,225949
2017-01-18,294,299.7,292,297.8,594219
2017-01-19,297,297.9,295.5,297.2,388511
2017-01-23,297.4,299.7,297,298.7,505511
2017-01-24,298.5,308,298.5,306.6,827667
2017-01-25,306.3,307,300,302.7,666493
2017-01-26,302,305.9,300,305,359169
2017-01-30,303,304.5,301.2,302.6,198723
2017-01-31,301,302.3,300,301.6,139609
2017-02-01,301,307.9,301,306.5,311345
2017-02-02,306.5,310.9,304,304.3,236783
2017-02-06,304,306,304,305.5,124320
2017-02-07,303.8,305.7,303.7,305.1,131136
2017-02-08,304.6,309.9,304.5,308.7,205304
2017-02-09,308,309.9,307.2,309.1,124892
2017-02-13,309.9,319.7,309.9,318.1,363336
2017-02-14,319.9,320.4,317.1,319.8,478280
2017-02-15,320,320.5,317,318.2,519190
2017-02-16,318,321,317.8,319.9,455744
2017-02-20,318.8,320.2,318.4,319.3,378708
2017-02-23,317.7,319.3,308.2,315.2,332720
2017-02-27,315.1,315.1,310,311.4,247292
2017-02-28,308.2,310.2,307.9,309,309170
2017-03-01,309.2,312,308.6,309.4,110517
2017-03-02,310,311,309,310.4,119224
2017-03-06,309.5,311.7,309,311.4,159902
2017-03-07,310.6,314.9,310.6,314.5,335940
2017-03-08,313.1,318,313.1,316.9,332122
2017-03-09,316.9,318.9,316.9,317.8,353183
2017-03-13,318.4,318.4,313.6,316.9,100110
2017-03-14,317.9,317.9,314.2,317.4,111072
2017-03-15,317.8,317.8,313.2,317.3,113763
2017-03-16,315.2,317.1,315.1,316.8,98788
2017-03-20,317,317.8,316.7,317.2,98541
2017-03-21,316,318.3,315.5,318,332244
2017-03-22,314,318.5,314,317.4,126117
2017-03-23,317,317.7,316,317.4,128147
2017-03-27,316.1,317.5,315.7,317.4,249928
2017-03-28,316.6,319.9,316.6,319.2,261848
2017-03-29,319.4,330.5,319.2,329.9,511357
2017-03-30,330,334.5,330,332.1,298130
2017-04-03,338.3,350,338.3,347.7,554932
2017-04-04,349.9,352.9,346.4,348.1,762382
2017-04-05,348,348,343.1,345.6,255317
2017-04-06,346.5,346.9,342,342.9,165676
2017-04-10,342.1,344.9,342.1,343.8,104924
2017-04-11,344.5,345.5,342.6,343.2,83433
2017-04-12,343,344,336.2,342.5,135140
2017-04-13,342,342,338,338.6,30301
2017-04-17,337,338,332.1,335.4,105840
2017-04-18,335,336,331,334.7,101114
2017-04-19,333,336,328.1,335.3,139139
2017-04-20,336.9,336.9,333.1,334.4,64593
2017-04-24,339.9,341.9,337.8,339.8,304729
2017-04-25,340,340,338.2,338.9,109317
2017-04-26,338,339.5,334.5,336.7,247051
2017-04-27,339.9,341.8,336.1,337.3,84923
2017-05-02,337.9,340.4,337,338.4,104942
2017-05-03,338,339.5,336.6,337.7,157002
2017-05-04,337,340.4,337,339.7,136820
2017-05-08,340,340.5,339,339.7,115143
2017-05-09,339.5,339.5,337.2,338.2,57178
2017-05-11,338,339,335.9,336.7,155564
2017-05-15,335.6,335.6,331.8,332,97167
2017-05-16,332,333.9,329.8,330.1,118387
2017-05-17,328,336,328,332.1,138796
2017-05-18,330.2,335,329,331.7,88536
2017-05-22,331.2,334,331,331.9,60979
2017-05-23,331.1,332,330.6,331.7,94114
2017-05-24,331.1,333,331,331.7,45731
2017-05-25,331.1,335,331.1,333.5,39636
2017-05-29,331.7,332.4,331.2,331.7,148533
2017-05-30,331.5,331.5,328.1,329.1,91021
2017-05-31,329.2,331,325.2,328.7,390719
2017-06-01,329.2,334.6,329.2,334.3,79340
2017-06-05,336,337.8,335,336.2,176062
2017-06-06,337.1,337.7,335,336.5,67335
2017-06-07,337.9,337.9,335,336.6,67202
2017-06-08,335.9,336,332.8,333.9,272872
2017-06-12,330.9,331.9,330.7,331.1,191496
2017-06-13,331.1,335.6,330.6,331.6,51791
2017-06-14,331.5,333,331.4,331.8,98285
2017-06-15,333,335,331.2,332.2,252594
2017-06-19,340,340,331.1,332.6,55375
2017-06-20,332.1,335,332.1,334.9,275342
2017-06-21,335.8,338.5,335.2,338.2,291584
2017-06-22,338.8,341,338.8,339.9,342336
2017-06-28,340,342.4,338.1,341.4,208414
2017-06-29,341,344.6,341,344.4,528970
2017-07-03,344.5,353.2,344.5,352.1,608384
2017-07-04,351.1,356.7,351.1,355.6,525100
2017-07-05,355,356.4,354,355.4,269810
2017-07-06,355.4,355.4,340,340.2,1041116
2017-07-10,340,349,340,348.1,356741
2017-07-11,348.3,350.5,346.9,348.4,275348
2017-07-12,348.5,350.9,346.1,347.9,457400
2017-07-13,354.8,367,350,365.1,1822461
2017-07-17,370.9,374,368.1,369.2,383119
2017-07-18,370.9,370.9,364.3,365.1,220291
2017-07-19,365.1,371.5,364,369.8,550630
2017-07-20,370,371.4,364.7,366.4,354178
2017-07-24,367,369,366.7,368.1,269833
2017-07-25,369,371.5,369,370.5,221654
2017-07-26,371,376.9,370,374.9,607983
2017-07-27,375.5,382,375,379.1,713223
2017-07-31,376.2,381,376.2,379.5,305855
2017-08-01,379.7,381.7,378.6,379.3,550588
2017-08-03,370,376.5,370,374.8,535875
2017-08-07,379.4,379.9,374.5,376.2,297426
2017-08-08,377,379.9,375.1,376.2,132539
2017-08-09,376.5,376.9,376,376.5,228484
2017-08-10,376.2,381,376.2,380.1,508972
2017-08-16,382,389.4,382,387.2,541447
2017-08-17,388,394.8,388,392,393452
2017-08-21,391.5,392,388.7,391.9,181688
2017-08-22,391.1,394,390.4,391.3,206760
2017-08-23,390.5,392.1,386.1,387.4,227118
2017-08-24,388.4,389,386.1,387,233082
2017-08-28,387.1,390,386.2,388.9,180338
2017-08-29,388.9,393.8,388.9,390.9,166765
2017-08-30,390.5,391.9,390,391.1,175720
2017-08-31,391,392,388.2,389.6,246846
2017-09-04,392,394.4,390.5,392,107351
2017-09-05,395,403.8,394.5,397,287000
2017-09-06,401.7,401.8,394.8,396.9,197118
2017-09-07,396.9,407,396.9,406.6,573120
2017-09-11,430,432,417.2,418.9,369809
2017-09-12,420,421,410.7,411.9,528291
2017-09-13,415,427.9,413.2,422,583326
2017-09-14,423.1,428.6,418,420.6,373746
2017-09-18,414.5,417,406.9,408.4,333116
2017-09-19,411,417.8,407.1,413.1,274081
2017-09-20,412,418.6,412,413.7,124246
2017-09-21,413.7,414,410,411.2,101732
2017-09-25,410.4,414,409,412,134455
2017-09-26,410,413.9,410,411.2,122106
2017-09-27,411,417,411,416.3,580474
2017-09-28,415,418,414.5,415.3,274970
2017-10-02,412.3,415,408,410.6,215218
2017-10-03,410,417.6,409.5,414.8,337471
2017-10-04,415,418,414.4,416.9,126147
2017-10-05,416.1,423.5,416.1,419.5,126177
2017-10-09,416,423.4,416,422,225358
2017-10-10,422,428,422,427.5,306953
2017-10-11,429.5,437.8,424.1,432.6,390260
2017-10-12,430,433,426.2,429,260714
2017-10-16,428.1,431.5,425.2,426.4,159957
2017-10-17,426,426,421.5,422,163169
2017-10-18,422.1,422.9,418.5,420.1,193867
2017-10-19,420,426.8,419,424,60360
2017-10-23,431.9,433.8,429,431.2,422254
2017-10-24,431.3,442,431.3,439.6,587339
2017-10-25,440,450,437,445.7,262802
2017-10-26,447.9,453.3,443.1,445.3,327068
2017-10-30,442,444,438.3,439.7,124181
2017-10-31,441.9,441.9,437.6,438.3,119510
2017-11-01,439.8,444,438,440,117972
2017-11-02,438.2,443.9,438,441.1,257641
2017-11-06,440.5,448.1,439.7,444.8,252197
2017-11-07,444.5,446.9,440.7,442.3,203658
2017-11-08,442,460,442,459,707659
2017-11-09,457,464.5,456,456.9,323071
2017-11-13,472.9,495,472.9,491.5,667585
2017-11-14,493.8,506.9,488,499.9,969531
2017-11-15,500,501,484.2,486.1,525669
2017-11-16,484,489.9,472,486.3,609587
2017-11-20,489.5,489.5,479.5,480.2,313071
2017-11-21,480,482.8,472.5,473.4,549914
2017-11-22,473.5,484.9,473,483.3,386385
2017-11-23,483,484,478.1,478.6,205235
2017-11-27,479.2,479.2,470,470.5,271969
2017-11-28,471,474.8,461.3,463.7,251570
2017-11-29,466,474,460.8,469.1,255420
2017-11-30,475,477,468.6,471.4,346127
2017-12-04,477,483,477,482.5,696520
2017-12-05,484,492,482.6,484.5,311605
2017-12-06,487,487.6,477.2,478.6,277845
2017-12-07,480.8,480.8,475.6,478,125692
2017-12-11,474.5,475.7,472.1,472.9,400261
2017-12-12,473.6,473.6,468.1,469.5,300454
2017-12-13,470,475.8,468,468.4,103670
2017-12-14,471.9,472,465.1,465.8,189064
2017-12-18,469.4,469.4,467.1,468.1,606454
2017-12-19,468.2,472,465,466.2,193084
2017-12-20,469,469,461,462.4,253439
2017-12-21,462.4,464.7,460.1,462.2,360340
2017-12-26,470.9,471.5,465,466.6,135533
2017-12-27,465.3,469.1,465,467.9,197952
2017-12-28,469.4,472,467,470.8,176528
2018-01-01,471,473.4,468.8,472,52604
2018-01-02,472.2,480.4,472,479.6,172097
2018-01-03,481,487.2,480.6,486,368252
2018-01-04,487.6,487.6,477.8,478.2,310825
2018-01-08,478.4,478.4,470.1,472.6,269056
2018-01-09,472.6,472.6,469.5,470.9,175761
2018-01-10,472,473.1,469,471.4,126917
2018-01-11,472.2,477.5,472,476,98358
2018-01-15,477,482,473,473.6,826079
2018-01-16,475,480.6,473,479.8,152357
2018-01-17,477.2,483.7,477.2,481.4,277051
2018-01-18,482.5,484,480.2,483.3,221420
2018-01-22,489.7,496,485.6,494.4,483353
2018-01-23,496,504.8,495,503.8,744062
2018-01-24,503.8,510,500.2,505.9,528524
2018-01-25,505.8,512,503,510.7,549776
2018-01-29,505.3,513.1,502.4,510.3,348921
2018-01-30,511,511,504.1,505,578664
2018-01-31,506.9,508,495,502.4,416215
2018-02-01,504,504,499,500,385721
2018-02-05,496,499.9,487,496,319174
2018-02-06,495,500,495,495.6,144973
2018-02-07,496,499.9,493,497.1,149178
2018-02-08,499,503,496.3,500.7,295607
2018-02-12,509.7,511.1,504.5,505.6,455348
2018-02-13,507.9,508.5,503.9,507.7,209136
2018-02-14,508.8,511.9,505.5,506.1,209638
2018-02-15,507,507,504.6,505.1,302210
2018-02-20,504,504,491,492.8,413472
2018-02-22,494.9,495,481,482,191787
2018-02-26,475.5,477.6,466.3,472.3,140734
2018-02-27,472.4,480,470.9,474.7,263328
2018-02-28,478,481.5,475.8,478.7,143728
2018-03-01,478.9,484,477.3,483.1,96399
2018-03-05,485.4,485.5,481.2,481.7,67430
2018-03-06,481.8,487.9,480.2,487.4,177497
2018-03-07,487.9,492,487,488.9,192050
2018-03-08,489,491.5,487.2,489.2,147116
2018-03-12,485,486.5,480.3,482.2,141048
2018-03-13,482.3,482.3,476,477.5,155847
2018-03-14,481,481,476.7,479,149101
2018-03-15,482,482.5,478.3,482.1,87525
2018-03-19,483.1,485.4,478.6,481.2,75968
2018-03-21,479,481,476,477,217901
2018-03-22,477,477.5,470.1,472.1,102314
2018-03-27,468.1,470,465.9,467.2,706150
2018-03-28,467.2,467.9,460.3,461.6,152094
2018-03-29,462.2,464.7,460.5,462,144369
2018-04-02,474.9,482,473,478.7,207047
2018-04-03,477,483.9,475,476,99321
2018-04-04,478,480,475.5,476.5,82726
2018-04-05,477,478,476.8,477.1,118032
2018-04-09,477,477,473,474.5,116575
2018-04-10,475,485,474,480.3,293513
2018-04-11,483.2,487.7,480.4,486.1,184178
2018-04-12,484.1,490,484,486,164849
2018-04-16,484.2,486.9,481,483.8,84531
2018-04-17,485,487.4,484,487.1,70714
2018-04-18,487.5,496,485.7,490.4,173930
2018-04-19,493,498,492,496.1,166412
2018-04-23,484.1,484.5,481.1,482.8,284892
2018-04-24,485,485,473.1,474.3,557145
2018-04-25,474.9,477.7,469.4,473,666367
2018-04-26,476.9,477.9,472.8,473.3,420026
2018-04-30,474.1,475.8,469.2,469.6,228338
2018-05-03,470,470,462.2,464.1,196524
2018-05-07,464.1,465.7,461.8,462.8,276326
2018-05-08,463.1,463.1,452.9,457.3,376426
2018-05-09,459,461.5,457,459.4,148364
2018-05-10,459.4,465.9,457.6,464,91932
2018-05-14,465.6,468.4,465.1,466,115140
2018-05-15,466,468.9,462.5,463.2,64883
2018-05-16,463.1,463.1,451.1,452.6,254555
2018-05-17,453,455.4,443,444.3,225074
2018-05-21,433,444.5,428,431.6,484591
2018-05-22,434,436,425,425.4,266225
2018-05-23,425.4,433,420.5,429.7,233531
2018-05-24,429.9,430.5,426.5,429.4,106802
2018-05-28,433,439.8,431.5,431.9,282478
2018-05-29,432,433,426.5,428,255330
2018-05-30,428.4,428.8,424,426.3,155972
2018-05-31,427.9,427.9,412.7,414.8,249254
2018-06-04,405,412.8,401,407.6,227555
2018-06-05,409,410,405,405.8,291729
2018-06-06,407,408.5,403.5,405,252544
2018-06-07,406.9,407.9,392.2,395.3,255916
2018-06-11,394.1,395,376,377,435577
2018-06-12,381,381.4,373.3,374.6,389429
2018-06-18,374.6,382,374.6,378.8,756907
2018-06-19,382.6,384,378.8,379.3,468335
2018-06-20,381.8,385.9,379.9,383.2,373893
2018-06-21,385,405,385,403.4,1235015
2018-06-25,408.9,411,402,403.6,526733
2018-06-26,404,404.9,395.2,397.8,503578
2018-06-27,400,401.9,393.7,394.6,342968
2018-06-28,398,398,384.6,388.9,398540
2018-07-02,390.1,390.1,380,381,202220
2018-07-03,381,387,375,376.7,247529
2018-07-04,378,381.9,374.3,375.4,146816
2018-07-05,378,390,378,383.9,135592
2018-07-09,389,395,386.3,387.9,117574
2018-07-10,390.6,390.9,379,379.5,228241
2018-07-11,380,385,379.9,380.7,109874
2018-07-12,385,390,383.5,388.5,282236
2018-07-16,390,402,386.3,388,755493
2018-07-17,392,401,387.9,397.7,483007
2018-07-18,401.9,402.5,396.6,401.2,305019
2018-07-19,401.5,405,400.1,401.8,282493
2018-07-23,396.9,398.4,392,395.3,219974
2018-07-24,395.4,397,393,393.9,153585
2018-07-25,396.9,397,390,390.4,153258
2018-07-26,391,392,385.4,386.4,180966
2018-07-30,390.2,393.9,387.1,388.9,92827
2018-07-31,388.1,392.7,388,390.2,128986
2018-08-01,392.9,393.9,390.1,392.4,145324
2018-08-02,390,393,387.2,389.4,161390
2018-08-06,380.1,380.1,373,376.6,190316
2018-08-07,376,383,375.2,381.1,133102
2018-08-08,381.5,382.1,373.4,374.1,295306
2018-08-09,374.2,374.2,359.2,363.8,409949
2018-08-13,353.9,360.3,352.5,358.2,136247
2018-08-14,359.6,368.2,359.3,366.6,168888
2018-08-16,369.5,377.2,368,375,162465
2018-08-20,374,376.8,370,375.4,78542
2018-08-27,377.7,384.9,377.7,383,136056
2018-08-28,383.5,391.2,383.5,389.9,180033
2018-08-29,391.5,392.9,385.6,387.4,164350
2018-08-30,385.2,388.5,385.2,386.6,140253
2018-09-03,387,388,385.5,386.9,138823
2018-09-04,385.6,390.8,385.5,387.8,118839
2018-09-05,389,390,385.8,388.4,151732
2018-09-06,388.5,389.7,380.4,384.1,183654
2018-09-10,380,382.1,378.5,378.9,190531
2018-09-11,380,382,380,380.8,105099
2018-09-12,380.2,382,374,376.7,161252
2018-09-13,378,378,369.8,370.6,149431
2018-09-17,369,370,366.7,368,86851
2018-09-18,368.1,372.6,362.9,363.8,143880
2018-09-19,364.6,365.9,360,361.2,211297
2018-09-20,361.5,363,353.1,357.3,439468
2018-09-24,368,368,360.4,363,171824
2018-09-25,363.1,365.4,359.1,364.8,105903
2018-09-26,367,369.3,365.5,368.4,151009
2018-09-27,366.2,368.8,366.2,367.1,77413
2018-10-01,372.4,379.8,371,371.9,258843
2018-10-02,372,373,370.5,370.9,164849
2018-10-03,368.6,372,368.6,370.9,160443
2018-10-04,374.9,374.9,364,365.3,220044
2018-10-08,364.8,365,357.8,359.6,434654
2018-10-09,359.6,368.9,359.6,362.7,136228
2018-10-10,363,366.7,361,362.3,164032
2018-10-11,362.3,366,361.1,364.2,236478
2018-10-15,364,366.1,362,362.6,148003
2018-10-16,362.6,364.3,361.8,362.4,78555
2018-10-17,362.6,364.3,362.5,363.6,109548
2018-10-18,364,364.1,362.2,363.2,58848
2018-10-22,363.8,366.8,361,363.1,76708
2018-10-23,365,372.9,365,370.2,264346
2018-10-24,372,380,372,379,294141
2018-10-25,381,384.8,375,383,266693
2018-10-29,384,384,380.1,382.1,229100
2018-10-30,383,385.5,379,380.2,166421
2018-10-31,380.5,381.9,379,379.8,156974
2018-11-01,379.1,381,379,380.1,79609
2018-11-05,380,380,375.5,376.8,83140
2018-11-06,376,376,374.1,374.9,89338
2018-11-07,375,390,373.5,376.5,117740
2018-11-08,376.5,378.2,375,376.6,55489
2018-11-12,379,380,375,375.4,134762
2018-11-13,377.5,378,375.2,376.4,51704
2018-11-14,376.5,376.5,366.1,367.5,161383
2018-11-15,368,369.5,367,367.5,62705
2018-11-19,365.1,365.1,357.5,359.9,334269
2018-11-20,359.9,359.9,352.3,356.8,369136
2018-11-22,358.2,365,355.6,364.1,141496
2018-11-26,361.1,364.3,360,361.6,123240
2018-11-27,362.8,367.4,361,366,95714
2018-11-28,366.2,369.2,365,367.4,102185
2018-11-29,366.7,366.7,361.3,362.7,124898
2018-12-03,360.2,363,360,360.6,40025
2018-12-04,360.1,364.9,360,362.4,89404
2018-12-05,362.4,363.5,360,360.8,171175
2018-12-06,362,363.7,360.1,362.9,106664
2018-12-10,362.1,362.1,359,359.7,104413
2018-12-11,359.7,360.5,354.7,355.5,211467
2018-12-12,355.5,357,354.6,354.9,77275
2018-12-13,354.9,357.8,353.8,356.3,42182
2018-12-17,356.3,359.8,356.3,358.9,146073
2018-12-18,360.5,360.5,358,359.6,127738
2018-12-19,360.5,360.5,356.1,356.5,60439
2018-12-20,356,359.7,356,356.8,47323
2018-12-24,360,361.9,359.7,360.4,162752
2018-12-26,360.5,361.5,360.3,361,105652
2018-12-27,361,382,360.3,367.3,285125
2019-01-01,370,376,363,368.3,94877
2019-01-02,368,368,364.5,365.6,67018
2019-01-03,365,368.7,364.2,365.4,136490
2019-01-07,375,376,371.3,372.1,474937
2019-01-08,374,381.6,374,379.7,383681
2019-01-09,382,383.5,379.3,382.7,404450
2019-01-10,383.2,390,383.2,388.9,306938
2019-01-14,391,391,387.4,389.3,332459
2019-01-15,390,390,384,387.1,132043
2019-01-16,387.1,387.1,379.5,382.6,171931
2019-01-17,382,382.1,374.4,375.1,187591
2019-01-21,387,390.8,383.1,384.6,174827
2019-01-22,384,390.9,384,388.9,250422
2019-01-23,391,395,388,391.5,323918
2019-01-24,391.3,396.9,391.3,395.5,317120
2019-01-28,398,410.4,395.5,409.5,1109271
2019-01-29,411,419.9,411,415.4,614762
2019-01-30,414.4,417.9,408.9,413.8,562260
2019-01-31,414,414,393.2,398.2,690305
2019-02-04,396,407.7,395,402,386437
2019-02-05,403,405,398,403.5,255641
2019-02-06,403.6,407.8,403.2,404.9,300276
2019-02-07,407,409,403,405.5,274097
2019-02-11,405,405,395.6,397.6,349715
2019-02-12,397,400,385.4,388.6,465844
2019-02-13,388,394,384.3,392.9,326753
2019-02-14,395,397.9,386.5,389.9,298184
2019-02-18,377,379.7,371.2,377.1,419542
2019-02-19,376,382.4,368,379.5,644500
2019-02-20,379.5,389.4,377.6,385.7,205386
2019-02-25,386.8,399.6,386.2,397.4,762762
2019-02-26,397.6,401.6,397,398.6,471482
2019-02-27,394.5,397,390.8,393.5,142250
2019-03-04,389,394.5,387,393.4,270066
2019-03-05,394,394,390,392,50597
2019-03-06,391.6,391.6,388.3,390,71640
2019-03-07,390,393.8,384,385.8,262562
2019-03-11,385.8,385.8,384,384.9,145804
2019-03-12,384.3,395.2,384,392.9,299035
2019-03-13,391.7,393.9,385,385.5,265313
2019-03-14,385,392.8,385,387.1,100088
2019-03-18,385.5,389.9,385.5,388.4,72455
2019-03-19,389,394.2,389,391.7,166722
2019-03-20,394,402,394,394.9,476777
2019-03-21,399,399,394,397.3,85896
2019-03-25,401.4,410.5,399.1,409.5,568692
2019-03-27,410.1,411.9,405,408.5,304685
2019-03-28,410,410.9,405.5,407.4,209146
2019-04-01,409.2,419.7,409,417,624787
2019-04-02,417,419,409,409.6,277801
2019-04-03,407,407,397.3,399.4,430491
2019-04-04,399,399,387.4,387.9,387756
2019-04-08,376,376,365.7,370.9,615937
2019-04-09,373,373,360.5,362,250755
2019-04-10,363,363,355.5,357.6,490633
2019-04-11,364,369.5,357,367.7,204406
2019-04-15,369.8,379.9,369.8,377.8,150820
2019-04-16,378.9,380,369.8,371.7,184422
2019-04-17,375.8,375.8,370,372.9,118146
2019-04-18,372.5,372.5,367.1,368.4,137054
2019-04-23,372.4,375,368.5,369.4,53904
2019-04-24,374.8,374.8,367.5,367.9,152497
2019-04-25,371,371.7,362.3,364.2,118165
2019-04-29,365.5,365.5,358.6,360,149766
2019-04-30,361,362,358,358.7,112811
2019-05-02,358.7,362,357,358.2,261041
2019-05-06,362.1,362.5,358.6,359.4,133776
2019-05-07,360,361,351,354.4,220071
2019-05-08,356,358,353.8,354.6,99596
2019-05-09,358.7,358.8,352.9,354.1,68159
2019-05-13,351.5,352.2,347,348.1,195705
2019-05-14,350.5,350.5,340.3,346.6,162573
2019-05-15,346,350,345,346.4,93507
2019-05-16,346.4,348.6,343.2,345.3,63658
2019-05-20,350.1,350.1,347.4,348,39639
2019-05-21,347.1,347.9,342.2,343.4,106503
2019-05-22,344.1,347.8,340.7,342.8,71239
2019-05-23,349.4,349.4,336.7,337.9,180196
2019-05-27,338.6,343.7,338.6,341.1,71810
2019-05-28,341.8,350.3,341.8,349.7,180457
2019-05-29,350,350,347.1,349.8,94198
2019-05-30,350,356,350,355.1,163258
2019-06-10,355.1,359,350.3,355.8,123148
2019-06-11,357.4,365,357.4,364,137973
2019-06-12,365,365,360,361.3,129320
2019-06-13,360.3,362.9,359.1,361.4,102170
2019-06-17,358.1,358.9,356.2,357.3,53721
2019-06-18,358.3,364.4,358,362.7,106461
2019-06-19,363.9,365,359,360.4,138029
2019-06-20,360.4,363,358,359.3,82117
2019-06-24,359.2,360.2,357.4,357.9,77254
2019-06-25,360.9,360.9,357.9,358.9,273389
2019-06-26,360,363.9,360,363.1,121215
2019-06-27,363.5,365.5,363.1,365.1,226952
2019-07-02,365,365,359.1,360.3,128516
2019-07-03,364.9,364.9,359.1,359.7,103436
2019-07-04,364,364,359,359.8,59780
2019-07-08,351.7,352,345,345.2,105639
2019-07-09,346,346,340,340.8,238851
2019-07-10,341.5,341.5,329.1,334.1,198227
2019-07-11,333,338,330.4,331.6,265333
2019-07-15,344.7,344.8,322.8,324.4,374511
2019-07-16,329,330.9,325.1,328,208275
2019-07-17,330,332.9,325.5,326,227939
2019-07-18,330,334.9,328.4,330.3,128302
2019-07-22,325.3,325.3,322,322.5,197937
2019-07-23,322,329.2,318,323.2,138653
2019-07-24,323.2,325,316,320.4,212137
2019-07-25,323,325,320.8,324.7,156146
2019-07-29,325.2,331,325.2,327.3,129836
2019-07-30,326.8,329.9,324.1,325.7,155198
2019-07-31,325.1,333.9,325.1,332.4,160843
2019-08-01,333,337.6,332.4,337.1,127438
2019-08-05,334,334,320.4,321.4,189669
2019-08-06,321.8,325,321.6,322.2,94306
2019-08-07,322.2,322.2,316.9,318.8,166553
2019-08-08,318.8,318.8,316.9,317.7,321694
2019-08-19,318,327,317.4,323.9,208713
2019-08-20,324.9,327.2,324.9,326.6,173959
2019-08-21,327,327,322,323.3,114153
2019-08-22,324,325,319,319.7,101778
2019-08-26,316.7,317,310.2,313.5,219097
2019-08-27,314.5,322,313.4,320.1,128679
2019-08-28,320.1,320.1,316.1,316.8,77021
2019-08-29,316.8,316.8,311.4,312,245618
2019-09-02,312.1,312.1,303,304.1,185467
2019-09-03,300,304.1,290.4,294.7,313478
2019-09-04,294.7,297.4,287.2,289.4,241336
2019-09-05,289.4,298,284.7,295.5,102938
2019-09-09,300,315,297.1,308,326351
2019-09-11,309.9,309.9,302,305.1,170119
2019-09-12,305.1,306,296.1,304.1,119762
2019-09-16,306.6,309.4,306.6,308.2,105038
2019-09-17,309.9,314.8,309.9,312.6,193243
2019-09-18,313.4,314.4,307,308.4,114506
2019-09-19,320,335.3,317,335.3,150617
2019-09-23,361,364.9,356.6,362.8,557365
2019-09-24,363.9,363.9,353.2,358.4,478746
2019-09-25,358,358,351.8,355.1,191943
2019-09-26,360,364,357.5,359.4,375309
2019-09-30,357.9,357.9,350.7,352.4,267545
2019-10-01,352.4,352.4,348,348.9,74475
2019-10-02,349,349,344,344.7,213407
2019-10-03,343.5,347,342.4,345.1,58308
2019-10-07,345.1,345.1,340.4,340.9,100949
2019-10-09,341,342,332.4,336,169891
2019-10-10,333.5,333.6,331.7,333,137698
2019-10-14,325,325,315.6,316.5,108702
2019-10-15,324.5,343,324.1,332.1,122285
2019-10-16,330,333,326.6,328.1,294866
2019-10-17,328.1,328.1,310,317.8,185977
2019-10-21,318.7,321.3,314.5,315.4,125826
2019-10-22,320,325,316,321.6,213028
2019-10-23,321.6,324.9,319,322.7,523920
2019-10-24,324,328.8,320.2,327.6,273867
2019-10-28,326,326,321.8,322.8,56068
2019-10-29,322.5,323,320.2,322.1,52298
2019-10-30,321.2,322.4,318,319.6,61607
2019-10-31,319.6,324,316.3,317.5,87412
2019-11-04,315.1,316.5,313.3,314.5,88184
2019-11-05,313.1,316,312.5,313.1,83857
2019-11-06,313,315,312.1,312.9,135695
2019-11-07,312.1,314.2,312.1,313.3,69449
2019-11-11,315.9,315.9,313.1,313.9,74363
2019-11-12,315,317.9,313.9,315.1,129130
2019-11-13,314.6,315.7,310,310.1,135965
2019-11-14,310.1,312.5,303.1,306.2,189928
2019-11-18,310.7,312.9,308.2,310.5,197678
2019-11-19,311.5,327,310.2,323,750293
2019-11-20,323.1,325.9,320.5,323.1,663946
2019-11-21,325,333,324.9,329.5,647251
2019-11-25,312,312,301.1,307.8,349809
2019-11-26,306,311.1,304,306.2,175243
2019-11-27,306.5,323,306.5,319.9,220547
2019-11-28,320,322.4,315,318.2,93543
2019-12-02,310.1,316,310.1,311.2,71505
2019-12-03,311.4,312.7,305.6,307.3,199185
2019-12-04,310,310,306.3,307,95869
2019-12-05,306,310,305,307.4,57539
2019-12-09,308,308,301.4,302.6,143404
2019-12-10,304,304,298.1,299.1,120592
2019-12-11,298.4,303.9,298.1,299,42110
2019-12-12,298.4,299.5,295.9,296.9,106117
2019-12-17,297.2,299.8,288.2,291.1,144858
2019-12-18,292,292,285.4,290,122143
2019-12-19,291.1,294.9,291.1,293.3,55841
2019-12-23,284.2,296,275.5,288.8,310361
2019-12-24,285,292.3,285,287.2,95269
2019-12-26,288,289.9,284,286.9,127084
2019-12-30,285.8,286.5,285,285.8,167117
2020-01-01,280,287,280,281.4,66791
2020-01-02,281.8,290,281.1,282.9,254251
2020-01-06,285.8,285.8,271.4,275,132678
2020-01-07,275,278,271,272,57353
2020-01-08,274.7,275,255.3,259.7,100464
2020-01-09,254.2,261.9,250.2,250.8,334185
2020-01-13,253,253,240,241.2,211195
2020-01-14,240,241,230.3,234.2,195971
2020-01-15,234.3,242,229,231.4,121166
2020-01-16,231.5,248.8,231,242.2,375662
2020-01-20,265.3,286.2,264.3,278.6,883005
2020-01-21,279.9,280.2,265,272.8,584388
2020-01-22,272.8,277.7,266.5,269.3,200400
2020-01-23,270.5,274,264.5,272,266710
2020-01-27,273,280,269.3,271.4,210436
2020-01-28,272.4,272.4,261,266.4,615126
2020-01-29,269.7,269.7,259.2,261.1,319488
2020-01-30,262.9,262.9,256,257.8,243541
2020-02-03,258.5,274.7,258,272.7,574060
2020-02-04,273,277,267,268.2,382696
2020-02-05,265.2,268,261.5,262.8,237855
2020-02-06,263,263,256.9,260.7,224491
2020-02-10,261.9,262,255,256.2,233466
2020-02-11,260,264,259.2,260.9,210988
2020-02-12,261.9,262,257.1,258.4,292385
2020-02-13,259,261.5,257.5,258.8,202361
2020-02-18,261,275,260,264.5,610233
2020-02-19,266.8,287.6,265.3,284.9,666205
2020-02-20,280,308,270,295.6,1350053
2020-02-24,319.8,323.9,296,298.4,743705
2020-02-25,292,299.9,283,292.4,624684
2020-02-26,292.4,296.5,282.7,288.1,579114
2020-02-27,288.1,288.2,271.2,274.4,403070
2020-03-02,273,274.8,270,271.4,388924
2020-03-03,273.9,274.9,268,268.5,342394
2020-03-04,271,273.3,268,269.9,232836
2020-03-05,270,270,262.7,263.8,195221
2020-03-09,262.1,262.1,249.1,250.1,535508
2020-03-10,252,259.5,252,253.3,258430
2020-03-11,255,258.4,252.9,255.5,292096
2020-03-12,258.5,260,247,248,424188
2020-03-16,242.8,244,229,229.8,325970
2020-03-18,233.2,236.8,211,219.5,843720
2020-03-19,235.5,235.5,235.5,235.5,14120
2020-03-23,238.8,238.8,238.8,238.8,154595
2020-03-24,238.8,238.8,238.8,238.8,16375
2020-03-25,238.8,238.8,238.8,238.8,62010
2020-06-01,258.5,263,242.3,243.5,381980
2020-06-02,244.5,248,238.8,240,427766
2020-06-03,240,242.3,238.8,238.9,284612
2020-06-04,238.9,241,238.8,239,197814
2020-06-08,238.8,240,238.8,238.8,159807
2020-06-09,238.8,238.8,238.8,238.8,62639
2020-06-10,238.8,238.8,238.8,238.8,69304
2020-06-11,238.8,239,238.8,238.8,71009
2020-06-15,238.8,238.8,238.8,238.8,57616
2020-06-16,238.8,238.8,238.8,238.8,20346
2020-06-17,238.8,238.8,238.8,238.8,22865
2020-06-18,238.8,238.8,238.8,238.8,17228
2020-06-22,238.8,238.8,238.8,238.8,18082
2020-06-23,238.8,238.8,238.8,238.8,25079
2020-06-24,238.8,238.8,238.8,238.8,28860
2020-06-25,238.8,238.8,238.8,238.8,46257
2020-06-29,238.8,238.8,238.8,238.8,52608
2020-06-30,238.8,238.8,238.8,238.8,56081
2020-07-02,238.8,238.8,238.8,238.8,17038
2020-07-06,238.8,238.8,238.8,238.8,21152
2020-07-07,238.8,238.8,238.8,238.8,23992
2020-07-08,238.8,238.8,238.8,238.8,27662
2020-07-09,238.8,244,238.8,239.8,1215338
2020-07-13,244.2,245,239.5,239.9,348466
2020-07-14,240.6,240.6,238.9,239.1,218181
2020-07-15,243,245,240.8,242.1,566393
2020-07-16,248,248,241.3,241.9,350600
2020-07-20,244.5,247.5,243.5,245.9,504170
2020-07-21,245.9,248.8,245.3,246.5,254704
2020-07-22,246.5,247.4,245.7,246.7,439051
2020-07-23,246.1,252,246.1,250.8,699774
2020-07-27,259.9,261.9,252.3,254.9,452448
2020-07-28,255,256.5,253.1,254.2,382737
2020-07-29,255,256,253.2,254.4,349241
2020-07-30,255,259.9,254.4,258.5,560355
2020-08-03,259,264.7,258.6,263.5,428421
2020-08-04,264.8,267.9,263,263.5,608059
2020-08-06,258,258,253,254.2,848580
2020-08-10,271.5,278.7,264.1,277.3,1025714
2020-08-12,278,289,277,288.3,747120
2020-08-13,290,298,288,290,657905
2020-08-17,292.4,293.4,286,287.2,700500
2020-08-18,288,288,278,283.8,697641
2020-08-19,286.9,292,284.6,285.7,272881
2020-08-20,285,290,284.2,286.1,264520
2020-08-24,295,302.5,293,299.5,754994
2020-08-25,301.7,314.5,299.5,312.5,783566
2020-08-26,315,318.7,312.9,315.5,576103
2020-08-27,317,318.7,314.2,314.9,710838
2020-08-31,315,320.6,312.7,318.4,648165
2020-09-01,320.4,325.1,316,320.1,640523
2020-09-02,322,323.4,316,321.1,506737
2020-09-03,322,324.3,319,322.9,568816
2020-09-07,320.6,328,320.6,325.8,348355
2020-09-08,326.9,344,326.9,336.3,610780
2020-09-09,339,346,337,343.2,417332
2020-09-10,344.9,348.9,339.9,347.6,464768
2020-09-14,354,354.7,346.3,350.1,283888
2020-09-15,350.6,350.6,344,345.9,265637
2020-09-16,345,347.9,340,340.7,301919
2020-09-17,340.7,344.8,340,340.8,341120
2020-09-21,336.7,339,327.7,331.7,355183
2020-09-22,333,333,327,329.5,268866
2020-09-23,329,337.6,327.3,336.6,226368
2020-09-24,337.8,337.8,331.5,335.2,199341
2020-09-28,330.6,333.5,330,330.9,159612
2020-09-29,330.2,333.4,330,331.9,135257
2020-09-30,331.9,331.9,329.7,330,112119
2020-10-01,329,332.9,327.5,331,155105
2020-10-05,330,332,328.5,328.8,177624
2020-10-06,328.8,330,326.1,326.6,198420
2020-10-07,328.8,328.8,325.4,326.9,95930
2020-10-08,326.1,331.5,325,328.3,167261
2020-10-12,330.9,331.8,325.7,330.8,236678
2020-10-13,332,337,329.5,333.2,132829
2020-10-14,333,336.2,331.1,334.1,97173
2020-10-15,335,342.5,332.3,341.1,281535
2020-10-19,336,341.6,335.3,335.9,174040
2020-10-20,336,338.9,331.3,331.9,137884
2020-10-21,331.9,333.6,330.4,331.3,190840
2020-10-22,331.3,331.3,329.5,330,152728
2020-10-27,332.2,333.2,330.6,332.2,135625
2020-10-28,330.1,331,329,330,485670
2020-10-29,329.5,331.8,329,329.7,79472
2020-11-02,329,330.2,328.2,328.9,62832
2020-11-03,330,330.3,328.6,328.6,84399
2020-11-04,329,331,328,328.7,157031
2020-11-05,328.3,337.5,328.3,336.1,164167
2020-11-09,336.3,337.2,332,334.8,87028
2020-11-10,333,334,330,332.5,97486
2020-11-11,332,336.4,330.2,334.8,125727
2020-11-12,332.5,332.8,329,330.2,130282
2020-11-16,330,331,328.5,329.6,100535
2020-11-17,329,331,327.9,329.7,146015
2020-11-18,329.7,332,327.9,328.8,169264
2020-11-19,328.8,328.8,325.9,326.8,350423
2020-11-23,323.1,325,316,320.7,182557
2020-11-24,322,322,317.5,318.2,225008
2020-11-25,324.7,324.7,319,320.8,62641
2020-11-26,319,325.8,314.6,319.2,316657
2020-11-30,318.2,321.5,318,319.1,117658
2020-12-01,321,321,319.5,320,126727
2020-12-02,320.1,320.1,317.1,318,134196
2020-12-03,318,320,318,319.4,223883
2020-12-07,325.1,330,325,328.8,164678
2020-12-08,327.8,334.9,327.8,334.1,250996
2020-12-09,334.1,335.3,332,334.9,186684
2020-12-10,334.9,342,334.9,341.5,322208
2020-12-14,346,352,344.6,350.2,415985
2020-12-15,351,357.9,349,356.8,398766
2020-12-17,356.7,356.7,345.1,346,371479
2020-12-21,341.1,344.9,336,341.4,244972
2020-12-22,341.4,341.4,336.5,337.5,85275
2020-12-23,337.6,340,333,337.2,155598
2020-12-24,337.5,343.9,337.2,341.1,262224
2020-12-28,350.5,355.1,347,353.7,479780
2020-12-29,353,353.5,348,349.7,251447
2020-12-30,349.9,349.9,346,347.1,265172
2021-01-04,360.1,376,360.1,370.6,463513
2021-01-05,370.6,388,367.5,376.4,438324
2021-01-06,376,379.6,366,371.2,456966
2021-01-07,376,376,366,366.2,288816
2021-01-11,373.6,375.2,367,370.1,293946
2021-01-12,370.1,377,370.1,374.1,241589
2021-01-13,374.5,375.8,365,368.2,357088
2021-01-14,370,379.7,370,373.9,279065
2021-01-18,377,391,376.3,384.1,641212
2021-01-19,384.2,385,381,383.1,179962
2021-01-20,379.9,383,374,375.9,318797
2021-01-21,377,377.2,372.5,373.2,147318
2021-01-25,372.2,372.2,367.1,370.1,197142
2021-01-26,369,369.7,364.7,367.1,172940
2021-01-27,365.2,375,365.2,373.5,164378
2021-01-28,384.4,384.4,374,377,354910
2021-02-01,371,373,368,370.3,132596
2021-02-02,370.1,372,368.6,369.3,151451
2021-02-03,369.7,379,369.1,376.4,222464
2021-02-04,379.9,384,377.1,383.2,506632
2021-02-08,376.8,378,365,367.7,239813
2021-02-09,367.7,376.8,367.7,375.3,244947
2021-02-10,377.7,383.1,375.5,378.9,318497
2021-02-11,375.1,379.8,371,372.8,256148
2021-02-15,374,379,370.1,375,267266
2021-02-16,377.9,379,370.5,371.6,341979
2021-02-18,360,362,353.5,354.5,313017
2021-02-22,359.7,359.7,342.9,343.6,246617
2021-02-23,349,350,338,340.6,229586
2021-02-24,341,345.2,339.5,341.6,167465
2021-02-25,345.7,345.7,338,338.8,265954
2021-03-01,342.5,342.5,336,336.7,244826
2021-03-02,341,342.5,339,340.7,181930
2021-03-03,341.5,345,340.1,341.1,87091
2021-03-04,344.1,344.1,338.5,340.3,105919
2021-03-08,343.8,354.5,342,352.3,505236
2021-03-09,355,359,348,349.4,393052
2021-03-10,352,352,344.9,345.6,203256
2021-03-11,345.6,348.5,345,346.6,105026
2021-03-15,347,351.9,346,346.8,96324
2021-03-16,346,349.2,343.1,345.5,84980
2021-03-18,344.8,348,342.4,344.1,142995
2021-03-22,339,342.3,338,341.7,116120
2021-03-23,341.7,344.6,340,341.8,80136
2021-03-24,344,344,338.3,339.6,153428
2021-03-25,341.9,342.3,336,337.7,120581
2021-03-29,340,340,336,336.5,133102
2021-03-31,334.5,335.6,328,328.5,363649
2021-04-01,330,330,323.1,325.5,172688
2021-04-05,319.1,324,318,319.7,187405
2021-04-06,322,332,322,331.4,66425
2021-04-07,336.5,337.2,334.2,335.2,67041
2021-04-08,325,339,325,333.6,56886
2021-04-12,330,332.1,328.2,331.1,70085
2021-04-13,330,337,327.4,335.1,68056
2021-04-15,342,342,335,338.2,34371
2021-04-19,341.9,345,340.2,343.9,62409
2021-04-20,336.3,341.9,336.1,339.4,156714
2021-04-21,340.2,340.3,336.3,336.9,103763
2021-04-22,337.1,340.2,336.5,337,79575
2021-04-26,339,341,338.5,340.2,66064
2021-04-27,340,340.4,337,338.8,106906
2021-04-28,338.8,341,335,339.8,81472
2021-04-29,341,341,338.4,339,105503
2021-05-03,342,342,338.8,339.5,112317
2021-05-04,339.5,340,336,337,140817
2021-05-05,337,340,334.2,334.7,260498
2021-05-06,335,337,332,333.2,334956
2021-05-11,340,349,339,346.2,316247
2021-05-12,346.2,348.4,343.1,346.6,141760
2021-05-17,344.5,344.9,341.2,344.2,184771
2021-05-18,342.2,345,342.2,344,102154
2021-05-19,344.1,345.8,341.6,342.6,274383
2021-05-20,343,343,338,339.1,212276
2021-05-24,340.5,344.8,339.2,343.1,159432
2021-05-25,341.1,345,340.1,341.1,97009
2021-05-27,344.8,349,340.1,346.7,194847
2021-05-31,345.5,347,343.3,346.3,185762
2021-06-01,346.3,347.5,346.1,346.4,194622
2021-06-02,346.5,347.4,343.4,346.8,64893
2021-06-03,346.9,355,345.4,352.5,256140
2021-06-07,349.5,350.7,346.1,346.7,132847
2021-06-08,345,348,343.3,346.9,88198
2021-06-09,346.9,349.7,346.9,349,178534
2021-06-10,347.1,353,346,352.6,250068
2021-06-14,352.8,352.8,346.9,347.4,109736
2021-06-15,347.4,349,343.2,344.1,193902
2021-06-16,348,348.1,342.3,343.2,136654
2021-06-17,343.6,347,343.6,344.1,37874
2021-06-21,344,345.6,342.7,343.1,202384
2021-06-22,344.9,347,343.4,345.2,203236
2021-06-23,345.2,348,345,346.9,98056
2021-06-24,346.2,348,344.3,346.2,145683
2021-06-28,345,347.5,344.3,346.3,62230
2021-06-29,346.2,349,345,347.5,118231
2021-06-30,346.9,352,346.5,349.4,203236
2021-07-05,349.4,349.9,346,348.4,128811
2021-07-06,348.4,350.3,346.3,347.9,115496
2021-07-07,347.7,350.8,346.8,349.5,160098
2021-07-08,350,352.9,349.1,351.8,157907
2021-07-12,356.5,357.5,353,355.4,261955
2021-07-13,357.4,362,355.4,358.2,271459
2021-07-14,358.2,360,353.2,355.2,105681
2021-07-15,359,359,355,356.6,166416
2021-07-19,364,366.4,362.5,365.7,214729
2021-07-26,363.5,367.4,363,366.5,241600
2021-07-27,369.5,371,365,369.2,174149
2021-07-28,365,375.8,365,374.6,275169
2021-07-29,375,380,372.3,379.3,329621
2021-08-02,380,380,369.5,370.7,490926
2021-08-03,372,372,365.2,368.3,279555
2021-08-05,368,371.7,366.2,369.6,511425
2021-08-10,361,364.6,360.1,360.9,355018
2021-08-11,360,369,356.2,366,459646
2021-08-12,366,366,360.5,363,160099
2021-08-16,365.9,365.9,359.1,360.8,155546
2021-08-17,361,362.9,358.3,359.1,132734
2021-08-18,359.2,361,359.2,359.7,85872
2021-08-19,359.8,364,358.3,359.4,110799
2021-08-23,364,366.5,362.5,365.8,93813
2021-08-24,365,369.7,364,369.3,105928
2021-08-25,369.9,370,367,367.5,66406
2021-08-26,365.1,368,364,364.9,146656
2021-08-31,360.5,366,360,362.6,311719
2021-09-01,364.9,366,361.8,362.1,104737
2021-09-02,362.5,365,362,362.3,172022
2021-09-06,369.9,373.2,368.8,372.5,308536
2021-09-07,372.5,383,372.3,380.5,432286
2021-09-08,381,387.9,379.4,384.3,394381
2021-09-09,384.3,388.9,376,386.5,262809
2021-09-13,389.7,389.7,380,386.2,189144
2021-09-14,385.2,386.2,378.5,379.7,398387
2021-09-15,379,379.9,374.1,379.2,336426
2021-09-16,379.2,385.3,377.6,384.5,276299
2021-09-20,380,383,378,380.4,252855
2021-09-21,381,385,378.1,383.7,239709
2021-09-22,383.6,385,382,383.3,171749
2021-09-23,383.9,383.9,380,381.4,130060
2021-09-27,379.2,384,379.2,383,232438
2021-09-28,384.9,384.9,381.1,381.8,171420
2021-09-29,381.2,384,379,380.6,218538
2021-09-30,380.6,383.5,379,380.2,271978
2021-10-04,380,380.1,376.1,378.1,362425
2021-10-05,378.2,380,376.1,379,219389
2021-10-06,384.8,384.8,373.6,374.9,237753
2021-10-07,376.8,376.8,369.1,373.5,314343
2021-10-11,372.4,373,370,370.5,186431
2021-10-12,370.1,370.3,367.9,368.3,349894
2021-10-13,368.3,370,366.1,366.2,202277
2021-10-14,368,370,365.2,366.9,124316
2021-10-18,369,369.2,361,363.5,232734
2021-10-19,359.2,368.7,359.2,361.7,171317
2021-10-21,362.1,366.9,361,365.5,67916
2021-10-25,360,360.9,356,357.4,156749
2021-10-26,357,357,347,351.5,228382
2021-10-27,356,356,349.6,353.7,222997
2021-10-28,353.9,359,353.7,355.2,109009
2021-11-01,359,359.9,350.2,353.9,149124
2021-11-02,364,364,354.1,356.6,126527
2021-11-03,356.6,356.6,353.1,353.4,43124
2021-11-04,352.2,359.8,352,354.7,62324
2021-11-08,355,357.5,353,355.9,57082
2021-11-09,355.5,357,354.4,354.8,97283
2021-11-10,356,356.8,354,355.1,55141
2021-11-11,354.7,362,354.7,359.1,117381
2021-11-15,360.2,362.4,358.8,359.3,82849
2021-11-16,361.9,363.7,359,361.7,74018
2021-11-17,361,363,358.7,360.5,58320
2021-11-18,362,363,359.5,360.6,41598
2021-11-22,360,361.4,359,359.9,47698
2021-11-23,359,362.5,359,361.1,44458
2021-11-24,359.6,362.4,359.2,360.3,62910
2021-11-25,360.1,362.5,359,360.6,80131
2021-11-29,360.4,361.4,359.2,359.9,29897
2021-11-30,363,363,346,348.3,278783
2021-12-01,359,359,351.5,355.8,95510
2021-12-02,355,359.8,353,358.7,126718
2021-12-06,362.8,363,360,360.7,43593
2021-12-07,361.9,362.5,360.2,360.9,44063
2021-12-08,362.2,362.2,358.6,359.8,34812
2021-12-09,361.8,361.8,358,359.3,44801
2021-12-13,358,360,357.6,358.7,116383
2021-12-14,358,359.5,353,354.6,96266
2021-12-15,357.3,357.4,354,355.2,81866
2021-12-20,353.2,353.2,346.6,349.3,173875
2021-12-21,350.5,351.8,348.3,349.4,103348
2021-12-22,351.9,352,349,349.9,82175
2021-12-23,349.9,351,348.2,350.3,112935
2021-12-27,348.5,350.3,348.5,349.1,53424
2021-12-28,349.2,351,349.2,350,55768
2021-12-29,350,351.4,348,348.4,51657
2021-12-30,348.5,351.8,348.5,349.5,62763
2022-01-03,350.6,353,346.1,347.8,153227
2022-01-04,347.8,349.5,347.8,349.2,54663
2022-01-05,350.3,350.3,346,346.4,189855
2022-01-06,346.5,350,345.2,348.3,168718
2022-01-10,350.1,350.7,348,350,126170
2022-01-11,350,355.9,350,353.4,120840
2022-01-12,354,359.9,354,357.1,180605
2022-01-13,357.1,360.4,357,359.3,144823
2022-01-17,360,360,358.1,359.5,52264
2022-01-18,360,360,358.1,358.6,46287
2022-01-19,358.6,359.5,358.6,359,50696
2022-01-20,359.2,360,356,357.3,110033
2022-01-24,359.8,360,358.5,359,57929
2022-01-25,359,359.4,355,355.2,75180
2022-01-26,356,358,354.6,355.4,47114
2022-01-27,351.4,355,350,351.4,168166
2022-01-31,356.2,356.7,353,355.9,45035
2022-02-01,356.9,356.9,354.1,354.6,29764
2022-02-02,355,355.9,354.6,355.2,52959
2022-02-03,356.9,356.9,354.5,355.2,54936
2022-02-07,355.3,358,354.7,355.8,127292
2022-02-08,357.4,358.5,355.8,358.2,87082
2022-02-09,359.5,359.5,356.5,357.9,53828
2022-02-10,357,358.5,355,358,56065
2022-02-14,358,359.5,357.3,357.6,101486
2022-02-15,358,359.5,357,357.9,152373
2022-02-16,357,358,356.2,357.7,112177
2022-02-17,357,358,354.6,356.8,120936
2022-02-22,355.8,356.2,354.2,355.4,158411
2022-02-24,349.3,349.3,340.2,341.9,184963
2022-02-28,340.5,344.3,339.5,340,97320
2022-03-01,340,341.6,340,340.3,68695
2022-03-02,340.5,340.5,333.4,335.1,130682
2022-03-03,338.7,338.7,327.5,328.8,201798
2022-03-07,327.9,327.9,317.2,317.6,167368
2022-03-08,320.2,320.2,315,316.4,192180
2022-03-09,320,325.5,318.8,320.5,171792
2022-03-10,324,326.9,318,322.2,119580
2022-03-14,329.9,342.8,327.2,330,120145
2022-03-15,334,334,330.2,332,30297
2022-03-16,330.1,332,325.5,325.9,113892
2022-03-21,326.2,326.9,322.1,325,49618
2022-03-22,327,327,323.3,324.7,141557
2022-03-23,328,328.4,323.7,325.5,68837
2022-03-24,325.1,329,324.1,325.6,62949
2022-03-28,329.9,331.6,328.3,330.9,103007
2022-03-29,330.9,331,327.1,328.1,74711
2022-03-30,329.8,330,327.9,328.7,21310
2022-03-31,329.7,330,327.5,328.9,58874
2022-04-04,329.9,329.9,324.1,324.9,84044
2022-04-05,325.1,326,324.1,325,47785
2022-04-06,323.3,327.5,319.3,320.3,114280
2022-04-07,320.4,323.7,318.5,321.5,69271
2022-04-11,324.9,324.9,321.4,322.1,61495
2022-04-12,321.6,322.2,318.7,319.1,98965
2022-04-13,326,326,316,319.9,89000
2022-04-18,323.1,323.1,319.1,319.8,98047
2022-04-19,320,322,317.1,320.1,346471
2022-04-20,322.8,322.8,320.4,321.4,103297
2022-04-21,322.1,324.9,322.1,323.9,117580
2022-04-25,327.2,327.9,325.2,327.1,62094
2022-04-26,327,328.1,325.7,326.9,108824
2022-04-27,326.4,326.4,319.2,320.5,278829
2022-04-28,322.9,322.9,319,319.9,250671
2022-05-05,320.1,323,319.5,319.8,45625
2022-05-09,321.1,321.8,318.5,318.9,150095
2022-05-10,319.1,322,317.9,318.8,212701
2022-05-11,320.5,320.7,315,315.4,215133
2022-05-12,316,316,309.5,310.3,238080
2022-05-16,310.3,315.8,308.6,309.6,251671
2022-05-17,311.9,311.9,305.5,306.9,159564
2022-05-18,308,308,303,304,210264
2022-05-19,305,305,301.5,302.6,108955
2022-05-23,307.5,308.6,305,305.9,78437
2022-05-24,307,307.7,302.5,303.3,77343
2022-05-25,305.1,305.1,300,300.9,190952
2022-05-26,300.1,303.9,300,300.8,60892
2022-05-30,310,312,306.4,307.5,63458
2022-05-31,310,310,306.7,307.1,52151
2022-06-01,308,308,306,306.8,107103
2022-06-02,309.5,309.5,304,304.4,91336
2022-06-06,313.4,313.6,307.2,307.2,183552
2022-06-07,307.3,310,305.5,306,119984
2022-06-08,308,308,302,304.6,115278
2022-06-09,308,308,305.1,305.6,71723
2022-06-13,307,307.7,305.2,305.8,50986
2022-06-14,306,306,304.2,304.7,56018
2022-06-15,307.8,307.8,304,304.5,116996
2022-06-16,304.5,306,304,305.1,88695
2022-06-20,306,306.7,304.1,304.3,131196
2022-06-21,304.1,307,303.4,304,131532
2022-06-22,306.9,306.9,303.2,303.8,106344
2022-06-23,305,305,303.4,303.7,98249
2022-06-27,305.5,305.6,302.5,302.9,240549
2022-06-28,303.1,304.5,301.9,302.8,189079
2022-06-29,302.8,302.9,299.6,300.1,329601
2022-06-30,294.9,294.9,294.1,294.1,173262
2022-07-04,282.6,282.6,282.6,282.6,92534
2022-07-05,277,296.7,277,291.1,1015655
2022-07-06,292,294.9,292,293.3,244503
2022-07-07,287.5,290.7,287.5,288.3,446088
2022-07-12,294,294,288,289.1,137941
2022-07-13,290,290,287.1,287.8,180495
2022-07-14,287.8,289.3,286.9,288.7,148582
2022-07-18,289.8,291.6,285.4,289.5,486307
2022-07-19,290.8,291,283.8,286.3,270759
2022-07-20,286.3,289.4,285,286,187799
2022-07-21,287.5,288.5,286,287.1,110776
2022-07-25,286.9,288,286,287.1,129683
2022-07-26,289.4,289.4,286,286.3,225923
2022-07-27,286,287.8,286,286.3,96034
2022-07-28,289.4,289.4,283,285.7,113174
2022-08-01,294.1,298.5,294.1,297.8,118478
2022-08-02,298.9,300.2,295.7,298.6,216448
2022-08-03,301.2,301.2,297,297.7,264637
2022-08-04,299.1,301.5,296.2,299.7,138837
2022-08-08,302.9,305.2,300.1,302.7,180712
2022-08-11,292,292,286.6,287.3,441341
2022-08-16,288.9,288.9,286.6,287,768628